state,district,volatility,mean_enrolments,cv,cluster,low_growth,high_volatility,risk_score,risk_level
100000,100000,0.0,1.0,0.0,0,1,0,1,Medium
Andaman & Nicobar Islands,Andamans,1.224744871391589,2.5,0.4898979485566356,3,1,1,2,High
Andaman & Nicobar Islands,Nicobars,,1.0,,0,1,0,1,Medium
Andaman & Nicobar Islands,South Andaman,0.7559289460184544,1.7142857142857142,0.44095855184409843,3,1,1,2,High
Andaman and Nicobar Islands,Nicobar,0.7264831572567789,1.5555555555555556,0.4670248868079293,3,1,1,2,High
Andaman and Nicobar Islands,North And Middle Andaman,1.3113721705515067,2.9166666666666665,0.44961331561765944,3,1,1,2,High
Andaman and Nicobar Islands,South Andaman,2.442055765873573,4.181818181818182,0.583969857056724,3,1,1,2,High
Andhra Pradesh,Adilabad,7.716079236754815,26.916666666666668,0.286665482480055,2,0,1,1,Medium
Andhra Pradesh,Alluri Sitharama Raju,5.559594491425693,18.0,0.3088663606347607,2,1,1,2,High
Andhra Pradesh,Anakapalli,3.3574882386580707,10.0,0.33574882386580707,3,1,1,2,High
Andhra Pradesh,Anantapur,16.570099028617236,67.75,0.24457710743346472,1,0,0,0,Low
Andhra Pradesh,Ananthapur,8.712147562542496,33.416666666666664,0.2607126452631171,2,0,0,0,Low
Andhra Pradesh,Ananthapuramu,12.948323864851808,47.25,0.274038600314324,2,0,0,0,Low
Andhra Pradesh,Annamayya,5.905826604192496,17.833333333333332,0.33116784696406526,2,1,1,2,High
Andhra Pradesh,Bapatla,3.502163833282434,10.083333333333334,0.34732203305280335,3,1,1,2,High
Andhra Pradesh,Chittoor,23.90305546590353,94.91666666666667,0.25183201544411093,1,0,0,0,Low
Andhra Pradesh,Cuddapah,19.104774906876663,76.41666666666667,0.25000795952292254,1,0,0,0,Low
Andhra Pradesh,Dr. B. R. Ambedkar Konaseema,5.119037551585792,14.75,0.3470533933278503,2,1,1,2,High
Andhra Pradesh,East Godavari,31.14871464831935,114.33333333333333,0.2724377374488573,1,0,0,0,Low
Andhra Pradesh,Eluru,7.4569471371373295,14.833333333333334,0.5027155373351009,3,1,1,2,High
Andhra Pradesh,Guntur,27.326726843879417,105.75,0.25840876448112926,1,0,0,0,Low
Andhra Pradesh,Hyderabad,15.297058540778353,50.0,0.30594117081556704,2,0,1,1,Medium
Andhra Pradesh,K.V.Rangareddy,1.164500152881315,2.0833333333333335,0.5589600733830312,3,1,1,2,High
Andhra Pradesh,K.v. Rangareddy,0.0,1.0,0.0,0,1,0,1,Medium
Andhra Pradesh,Kakinada,4.718596350097295,18.583333333333332,0.2539154986599441,2,1,0,1,Medium
Andhra Pradesh,Karim Nagar,0.792961461098759,2.0833333333333335,0.3806215013274043,3,1,1,2,High
Andhra Pradesh,Karimnagar,5.2570299253821675,17.0,0.30923705443424515,2,1,1,2,High
Andhra Pradesh,Khammam,9.139905841302676,25.083333333333332,0.36438162822469145,2,0,1,1,Medium
Andhra Pradesh,Krishna,26.345030006826825,96.33333333333333,0.2734778201400709,1,0,0,0,Low
Andhra Pradesh,Kurnool,20.317181861367455,104.33333333333333,0.19473337247317052,1,0,0,0,Low
Andhra Pradesh,Mahabub Nagar,9.133687230480493,26.833333333333332,0.3403858595210122,2,0,1,1,Medium
Andhra Pradesh,Mahabubnagar,0.0,1.0,0.0,0,1,0,1,Medium
Andhra Pradesh,Mahbubnagar,6.5429814351414795,15.916666666666666,0.41107736765286784,3,1,1,2,High
Andhra Pradesh,Medak,12.373909501997998,27.25,0.45408842209166966,2,0,1,1,Medium
Andhra Pradesh,N. T. R,6.789028582272216,17.5,0.38794449041555523,3,1,1,2,High
Andhra Pradesh,Nalgonda,6.6674241993850565,25.5,0.2614676156621591,2,0,0,0,Low
Andhra Pradesh,Nandyal,6.102657146065495,17.166666666666668,0.3554945910329414,2,1,1,2,High
Andhra Pradesh,Nellore,17.05072645746429,73.0,0.23357159530773,1,0,0,0,Low
Andhra Pradesh,Nizamabad,4.14418175569586,10.083333333333334,0.41099323196983734,3,1,1,2,High
Andhra Pradesh,Palnadu,6.252272314199781,15.0,0.4168181542799854,3,1,1,2,High
Andhra Pradesh,Parvathipuram Manyam,3.8876260575878905,9.75,0.3987308777013221,3,1,1,2,High
Andhra Pradesh,Prakasam,25.918871094009454,102.16666666666667,0.2536920498597989,1,0,0,0,Low
Andhra Pradesh,Rangareddi,8.478135872866622,30.666666666666668,0.2764609523760855,2,0,0,0,Low
Andhra Pradesh,Spsr Nellore,,14.0,,0,1,0,1,Medium
Andhra Pradesh,Sri Potti Sriramulu Nellore,6.921639322378112,27.5,0.25169597535920407,2,0,0,0,Low
Andhra Pradesh,Sri Sathya Sai,5.674904885065955,16.75,0.33880029164572867,2,1,1,2,High
Andhra Pradesh,Srikakulam,17.924716303067516,67.75,0.26457145834786,1,0,0,0,Low
Andhra Pradesh,Tirupati,6.430867795722488,21.583333333333332,0.297955264666679,2,0,1,1,Medium
Andhra Pradesh,Visakhapatanam,,1.0,,0,1,0,1,Medium
Andhra Pradesh,Visakhapatnam,22.711630981023397,95.0,0.23906979980024629,1,0,0,0,Low
Andhra Pradesh,Vizianagaram,16.04727863268883,58.333333333333336,0.2750962051318085,1,0,0,0,Low
Andhra Pradesh,Warangal,6.734690832255079,24.583333333333332,0.2739535253798676,2,0,0,0,Low
Andhra Pradesh,West Godavari,21.19659063494539,91.75,0.2310255110075792,1,0,0,0,Low
Andhra Pradesh,Y. S. R,5.42929762743513,16.25,0.3341106232267772,2,1,1,2,High
Arunachal Pradesh,Anjaw,0.3779644730092272,1.1428571428571428,0.33071891388307384,3,1,1,2,High
Arunachal Pradesh,Changlang,1.5447859516333116,6.25,0.24716575226132986,2,1,0,1,Medium
Arunachal Pradesh,Dibang Valley,,2.0,,0,1,0,1,Medium
Arunachal Pradesh,East Kameng,0.5773502691896257,1.8333333333333333,0.3149183286488868,3,1,1,2,High
Arunachal Pradesh,East Siang,1.1146408580454255,2.1666666666666665,0.5144496267901963,3,1,1,2,High
Arunachal Pradesh,Kamle,0.5163977794943223,1.3333333333333333,0.38729833462074176,3,1,1,2,High
Arunachal Pradesh,Kra Daadi,0.4879500364742666,1.2857142857142858,0.37951669503554064,3,1,1,2,High
Arunachal Pradesh,Kurung Kumey,0.5163977794943222,1.4,0.3688555567816587,3,1,1,2,High
Arunachal Pradesh,Leparada,,1.0,,0,1,0,1,Medium
Arunachal Pradesh,Lohit,1.3618169680781096,2.3636363636363638,0.5761533326484309,3,1,1,2,High
Arunachal Pradesh,Longding,0.7977240352174656,2.5,0.3190896140869862,3,1,1,2,High
Arunachal Pradesh,Lower Dibang Valley,0.5163977794943222,1.4,0.3688555567816587,3,1,1,2,High
Arunachal Pradesh,Lower Siang,0.5345224838248488,1.5,0.3563483225498992,3,1,1,2,High
Arunachal Pradesh,Lower Subansiri,0.6685579234215214,1.9166666666666667,0.34881282961122856,3,1,1,2,High
Arunachal Pradesh,Namsai,0.7385489458759964,2.0,0.3692744729379982,3,1,1,2,High
Arunachal Pradesh,Papum Pare,2.108783937953269,6.583333333333333,0.3203216108283447,3,1,1,2,High
Arunachal Pradesh,Shi-yomi,0.5477225575051661,1.4,0.3912303982179758,3,1,1,2,High
Arunachal Pradesh,Siang,0.726483157256779,1.4444444444444444,0.502949878100847,3,1,1,2,High
Arunachal Pradesh,Tawang,1.7126976771553506,2.6,0.658729875828981,3,1,1,2,High
Arunachal Pradesh,Tirap,0.6685579234215215,1.5833333333333333,0.42224710952938205,3,1,1,2,High
Arunachal Pradesh,Upper Siang,0.7559289460184544,1.5,0.5039526306789696,3,1,1,2,High
Arunachal Pradesh,Upper Subansiri,0.48304589153964794,1.7,0.28414464208214585,3,1,1,2,High
Arunachal Pradesh,West Kameng,1.6213537179739277,3.5833333333333335,0.4524708050159798,3,1,1,2,High
Arunachal Pradesh,West Siang,1.5374122295716148,3.0,0.5124707431905383,3,1,1,2,High
Assam,Bajali,0.951189731211342,1.7142857142857142,0.5548606765399495,3,1,1,2,High
Assam,Baksa,4.51931880090821,19.666666666666668,0.22979587123262085,2,0,0,0,Low
Assam,Barpeta,8.39733002299847,35.833333333333336,0.23434409366507358,2,0,0,0,Low
Assam,Biswanath,3.7497474662443686,15.333333333333334,0.24454874779854577,2,1,0,1,Medium
Assam,Bongaigaon,3.840572873934304,17.25,0.22264190573532197,2,1,0,1,Medium
Assam,Cachar,19.270011243726177,72.33333333333333,0.2664056853971361,1,0,0,0,Low
Assam,Charaideo,2.839120649181021,10.333333333333334,0.2747536112110665,2,1,0,1,Medium
Assam,Chirang,3.8484550225520446,14.583333333333334,0.26389405868928306,2,1,0,1,Medium
Assam,Darrang,5.499311251640904,21.666666666666668,0.2538143654603494,2,0,0,0,Low
Assam,Dhemaji,6.239536696087153,17.75,0.35152319414575506,2,1,1,2,High
Assam,Dhubri,6.287915297447857,35.083333333333336,0.17922798947594842,2,0,0,0,Low
Assam,Dibrugarh,12.262285119978099,36.0,0.34061903111050273,2,0,1,1,Medium
Assam,Dima Hasao,0.5345224838248488,1.4285714285714286,0.37416573867739417,3,1,1,2,High
Assam,Goalpara,6.487166818676188,21.583333333333332,0.30056371360661877,2,0,1,1,Medium
Assam,Golaghat,14.882112508890422,32.25,0.4614608529888503,2,0,1,1,Medium
Assam,Hailakandi,5.299371031861549,22.583333333333332,0.23465849587578816,2,0,0,0,Low
Assam,Hojai,3.621275516118093,16.25,0.2228477240688057,2,1,0,1,Medium
Assam,Jorhat,10.878112581387146,34.833333333333336,0.3122903133412578,2,0,1,1,Medium
Assam,Kamrup,14.021628315073132,54.333333333333336,0.25806677880502693,2,0,0,0,Low
Assam,Kamrup Metro,14.99595905165081,53.833333333333336,0.2785627068418107,1,0,0,0,Low
Assam,Karbi Anglong,5.556868531717111,27.166666666666668,0.20454730791596726,2,0,0,0,Low
Assam,Karimganj,10.611600284879778,43.666666666666664,0.24301374698197967,2,0,0,0,Low
Assam,Kokrajhar,5.017393987344668,20.416666666666668,0.2457499095842286,2,0,0,0,Low
Assam,Lakhimpur,6.753225940693871,25.166666666666668,0.26834010360372995,2,0,0,0,Low
Assam,Majuli,1.9227505550564006,4.333333333333333,0.4437116665514771,3,1,1,2,High
Assam,Marigaon,6.417306146804762,22.5,0.2852136065246561,2,0,1,1,Medium
Assam,Nagaon,9.529459903929816,49.916666666666664,0.1909073770403302,2,0,0,0,Low
Assam,Nalbari,7.844608262232015,31.583333333333332,0.24837809801262317,2,0,0,0,Low
Assam,North Cachar Hills,2.6400183654090306,6.333333333333333,0.4168450050645838,3,1,1,2,High
Assam,Sibsagar,5.484827557301446,25.416666666666668,0.2157964940577618,2,0,0,0,Low
Assam,Sivasagar,,4.0,,0,1,0,1,Medium
Assam,Sonitpur,10.68842477834897,48.333333333333336,0.2211398230003235,2,0,0,0,Low
Assam,South Salmara Mankachar,2.3143164446679725,6.416666666666667,0.36067269267552815,3,1,1,2,High
Assam,Sribhumi,1.5666989036012806,3.5,0.44762825817179447,3,1,1,2,High
Assam,Tamulpur District,1.092906420717,1.7777777777777777,0.6147598616533125,3,1,1,2,High
Assam,Tinsukia,11.58237951163383,35.833333333333336,0.3232291956735022,2,0,1,1,Medium
Assam,Udalguri,6.227991553292184,26.666666666666668,0.23354968324845687,2,0,0,0,Low
Assam,West Karbi Anglong,3.2145502536643185,6.166666666666667,0.5212784195131327,3,1,1,2,High
Bihar,Araria,5.599648257351582,27.916666666666668,0.20058441518871337,2,0,0,0,Low
Bihar,Arwal,3.91868097783688,16.083333333333332,0.2436485582074744,2,1,0,1,Medium
Bihar,Aurangabad,8.689945426477172,42.333333333333336,0.20527430141284655,2,0,0,0,Low
Bihar,Aurangabad(BH),,1.0,,0,1,0,1,Medium
Bihar,Aurangabad(bh),1.348399724926484,2.272727272727273,0.5932958789676529,3,1,1,2,High
Bihar,Banka,8.218143268882503,35.916666666666664,0.2288114135187704,2,0,0,0,Low
Bihar,Begusarai,11.428300862598107,44.666666666666664,0.2558574819984651,2,0,0,0,Low
Bihar,Bhabua,0.8819171036881969,1.4444444444444444,0.6105579948610593,3,1,1,2,High
Bihar,Bhagalpur,9.658957218326135,48.75,0.1981324557605361,2,0,0,0,Low
Bihar,Bhojpur,11.642073646386145,59.916666666666664,0.19430442803426112,2,0,0,0,Low
Bihar,Buxar,9.440001926039866,37.25,0.2534228704977145,2,0,0,0,Low
Bihar,Darbhanga,11.926542845369072,62.666666666666664,0.1903171730644001,2,0,0,0,Low
Bihar,East Champaran,12.146517146403687,67.08333333333333,0.18106609410788105,1,0,0,0,Low
Bihar,Gaya,9.640115050237638,55.75,0.17291686188767064,2,0,0,0,Low
Bihar,Gopalganj,6.846808590780662,33.833333333333336,0.2023687268211033,2,0,0,0,Low
Bihar,Jamui,4.814750064314676,21.5,0.22394186345649658,2,0,0,0,Low
Bihar,Jehanabad,5.789227194984794,27.666666666666668,0.20924917572234195,2,0,0,0,Low
Bihar,Kaimur (Bhabua),3.845501110112801,18.333333333333332,0.2097546060061528,2,1,0,1,Medium
Bihar,Katihar,6.227991553292183,36.333333333333336,0.17141261155850043,2,0,0,0,Low
Bihar,Khagaria,4.242640687119285,24.0,0.17677669529663687,2,0,0,0,Low
Bihar,Kishanganj,1.8504708655481243,13.833333333333334,0.13376897823239453,0,1,0,1,Medium
Bihar,Lakhisarai,3.6431754380934325,14.0,0.26022681700667377,2,1,0,1,Medium
Bihar,Madhepura,5.484827557301445,27.083333333333332,0.20251670980805336,2,0,0,0,Low
Bihar,Madhubani,13.93137944832935,69.58333333333333,0.20021144117359546,1,0,0,0,Low
Bihar,Monghyr,1.0606601717798212,1.625,0.6527139518645053,3,1,1,2,High
Bihar,Munger,3.845501110112801,17.333333333333332,0.22185583327573855,2,1,0,1,Medium
Bihar,Muzaffarpur,14.55605674208465,77.66666666666667,0.18741703959765643,1,0,0,0,Low
Bihar,Nalanda,8.129631547057288,44.5,0.1826883493720739,2,0,0,0,Low
Bihar,Nawada,6.701424543266222,38.0,0.17635327745437426,2,0,0,0,Low
Bihar,Pashchim Champaran,5.852738286865853,3.6363636363636362,1.6095030288881098,3,1,1,2,High
Bihar,Patna,16.546536761143667,87.83333333333333,0.1883856177739317,1,0,0,0,Low
Bihar,Purba Champaran,1.0,3.0,0.3333333333333333,3,1,1,2,High
Bihar,Purbi Champaran,13.435028842544403,11.5,1.1682633776125568,3,1,1,2,High
Bihar,Purnea,2.088931871468374,4.0,0.5222329678670935,3,1,1,2,High
Bihar,Purnia,6.626393506960696,40.5,0.1636146544928567,2,0,0,0,Low
Bihar,Rohtas,9.248669027913087,43.083333333333336,0.21466930045446234,2,0,0,0,Low
Bihar,Saharsa,5.63807403178415,28.833333333333332,0.19554013983066418,2,0,0,0,Low
Bihar,Samastipur,10.87114613009218,64.0,0.16986165828269031,2,0,0,0,Low
Bihar,Samstipur,1.5,3.0,0.5,3,1,1,2,High
Bihar,Saran,14.953463164299455,77.83333333333333,0.19212158241069965,1,0,0,0,Low
Bihar,Sheikhpura,3.325748947320898,11.166666666666666,0.29782826393918493,2,1,1,2,High
Bihar,Sheikpura,0.4472135954999579,1.2,0.37267799624996495,3,1,1,2,High
Bihar,Sheohar,2.005673770264564,9.75,0.205710130283545,2,1,0,1,Medium
Bihar,Sitamarhi,13.424028659629174,45.75,0.29342139146730434,2,0,1,1,Medium
Bihar,Siwan,12.631130374810265,64.5,0.19583147867922893,1,0,0,0,Low
Bihar,Supaul,7.1074011787116325,36.166666666666664,0.19651800494133548,2,0,0,0,Low
Bihar,Vaishali,10.541045316458723,59.75,0.17641916847629663,2,0,0,0,Low
Bihar,West Champaran,6.4449886569239805,33.583333333333336,0.19191033221609866,2,0,0,0,Low
Chandigarh,Chandigarh,5.962000884388943,22.5,0.264977817083953,2,0,0,0,Low
Chandigarh,Rupnagar,,1.0,,0,1,0,1,Medium
Chhattisgarh,Balod,3.6639108100829123,13.166666666666666,0.27827170709490473,2,1,0,1,Medium
Chhattisgarh,Baloda Bazar,5.131601439446884,27.833333333333332,0.18436891399210362,2,0,0,0,Low
Chhattisgarh,Balrampur,1.5275252316519465,12.833333333333334,0.1190279401287231,0,1,0,1,Medium
Chhattisgarh,Bastar,3.433348043510705,14.833333333333334,0.23146166585465425,2,1,0,1,Medium
Chhattisgarh,Bemetara,2.7784342658585555,13.583333333333334,0.20454730791596726,2,1,0,1,Medium
Chhattisgarh,Bijapur,2.6328346286499236,9.25,0.2846307706648566,2,1,1,2,High
Chhattisgarh,Bilaspur,8.084778065206018,36.5,0.22150076890975393,2,0,0,0,Low
Chhattisgarh,Dakshin Bastar Dantewada,2.8230651727682394,6.833333333333333,0.41313148869779115,3,1,1,2,High
Chhattisgarh,Dantewada,2.0943647333651407,5.75,0.364237344933068,3,1,1,2,High
Chhattisgarh,Dhamtari,3.1754264805429417,13.416666666666666,0.23667775010257952,2,1,0,1,Medium
Chhattisgarh,Durg,8.251262529657708,28.916666666666668,0.2853462546279323,2,0,1,1,Medium
Chhattisgarh,Gariyaband,4.174235549683609,14.833333333333334,0.28140913818091745,2,1,1,2,High
Chhattisgarh,Gaurela-pendra-marwahi,0.6875516509523286,2.4545454545454546,0.2801136355731709,3,1,0,1,Medium
Chhattisgarh,Gaurella Pendra Marwahi,,3.0,,0,1,0,1,Medium
Chhattisgarh,Janjgir - Champa,0.3535533905932738,1.125,0.3142696805273545,3,1,1,2,High
Chhattisgarh,Janjgir Champa,0.5477225575051662,1.5,0.36514837167011077,3,1,1,2,High
Chhattisgarh,Janjgir-champa,6.047163121512584,29.25,0.20674061953889178,2,0,0,0,Low
Chhattisgarh,Jashpur,6.813533769215679,18.666666666666668,0.36501073763655423,2,1,1,2,High
Chhattisgarh,Kabeerdham,1.0871146130092177,5.5,0.1976572023653123,0,1,0,1,Medium
Chhattisgarh,Kanker,4.8523658709390975,15.5,0.3130558626412321,2,1,1,2,High
Chhattisgarh,Kawardha,1.775250729197189,6.666666666666667,0.26628760937957835,2,1,0,1,Medium
Chhattisgarh,Khairagarh Chhuikhadan Gandai,2.188122205883115,3.3333333333333335,0.6564366617649344,3,1,1,2,High
Chhattisgarh,Kondagaon,2.41679727964699,9.75,0.24787664406635793,2,1,0,1,Medium
Chhattisgarh,Korba,5.5670839981469875,23.416666666666668,0.23774024191375034,2,0,0,0,Low
Chhattisgarh,Koriya,5.900051360844756,13.083333333333334,0.4509593396824017,3,1,1,2,High
Chhattisgarh,Mahasamund,2.274696116900546,12.583333333333334,0.18077055233646724,2,1,0,1,Medium
Chhattisgarh,Manendragarh–Chirmiri–Bharatpur,1.2862913567871994,3.6363636363636362,0.35373012311647983,3,1,1,2,High
Chhattisgarh,Mohalla-Manpur-Ambagarh Chowki,0.0,1.0,0.0,0,1,0,1,Medium
Chhattisgarh,Mohla-Manpur-Ambagarh Chouki,1.7494587907710375,3.8333333333333335,0.45638055411418366,3,1,1,2,High
Chhattisgarh,Mungeli,2.037526724122938,9.166666666666666,0.22227564263159322,2,1,0,1,Medium
Chhattisgarh,Narayanpur,0.28867513459481287,1.9166666666666667,0.1506131137016415,0,1,0,1,Medium
Chhattisgarh,Raigarh,3.3154825052206576,22.583333333333332,0.14681103344150515,2,0,0,0,Low
Chhattisgarh,Raipur,7.537281078784714,40.583333333333336,0.1857235584094796,2,0,0,0,Low
Chhattisgarh,Rajnandgaon,4.972652484064488,20.0,0.2486326242032244,2,0,0,0,Low
Chhattisgarh,Sakti,2.7344602259445514,6.75,0.40510521865845206,3,1,1,2,High
Chhattisgarh,Sarangarh-Bilaigarh,1.213559752433836,2.5454545454545454,0.4767556170275784,3,1,1,2,High
Chhattisgarh,Sukma,2.0207259421636903,6.583333333333333,0.3069457127337251,3,1,1,2,High
Chhattisgarh,Surajpur,3.729489363048366,14.5,0.25720616296885285,2,1,0,1,Medium
Chhattisgarh,Surguja,4.055486369964729,15.416666666666666,0.2630585753490635,2,1,0,1,Medium
Chhattisgarh,Uttar Bastar Kanker,4.122186827695252,10.416666666666666,0.39572993545874424,3,1,1,2,High
Dadra & Nagar Haveli,Dadra & Nagar Haveli,0.44095855184409843,1.2222222222222223,0.36078426969062594,3,1,1,2,High
Dadra and Nagar Haveli,Dadra and Nagar Haveli,1.6764862244009227,4.083333333333333,0.410568054955328,3,1,1,2,High
Dadra and Nagar Haveli and Daman and Diu,Dadra and Nagar Haveli,1.0269106361049412,1.6363636363636365,0.6275564998419084,3,1,1,2,High
Dadra and Nagar Haveli and Daman and Diu,Daman,0.7071067811865476,2.0,0.3535533905932738,3,1,1,2,High
Dadra and Nagar Haveli and Daman and Diu,Diu,0.0,1.0,0.0,0,1,0,1,Medium
Daman & Diu,Daman,0.0,1.0,0.0,0,1,0,1,Medium
Daman & Diu,Diu,0.0,1.0,0.0,0,1,0,1,Medium
Daman and Diu,Daman,0.816496580927726,1.6666666666666667,0.4898979485566356,3,1,1,2,High
Daman and Diu,Diu,1.164964745021435,1.75,0.6656941400122486,3,1,1,2,High
Delhi,Central Delhi,3.7284735685686643,13.583333333333334,0.2744888516737667,2,1,0,1,Medium
Delhi,East Delhi,3.325748947320898,14.833333333333334,0.22420779420140885,2,1,0,1,Medium
Delhi,Najafgarh,0.4629100498862757,1.25,0.3703280399090206,3,1,1,2,High
Delhi,New Delhi,3.113995776646092,3.3333333333333335,0.9341987329938275,3,1,1,2,High
Delhi,North Delhi,1.6966991126265962,7.833333333333333,0.2165998867182889,2,1,0,1,Medium
Delhi,North East,1.0730867399773196,5.333333333333333,0.20120376374574744,0,1,0,1,Medium
Delhi,North East Delhi,1.378954368902449,7.916666666666667,0.17418370975609881,0,1,0,1,Medium
Delhi,North West Delhi,4.692837869853088,31.25,0.15017081183529882,2,0,0,0,Low
Delhi,Shahdara,1.7837651700316894,5.5,0.3243209400057617,3,1,1,2,High
Delhi,South Delhi,6.703120033373875,35.25,0.19015943357089007,2,0,0,0,Low
Delhi,South East Delhi,0.4830458915396479,1.3,0.37157376272280607,3,1,1,2,High
Delhi,South West Delhi,8.768054965543264,36.833333333333336,0.23804674114597096,2,0,0,0,Low
Delhi,West Delhi,4.358898943540674,19.5,0.223533279155932,2,0,0,0,Low
Goa,North Goa,6.8683507790620615,23.416666666666668,0.2933103535542517,2,0,1,1,Medium
Goa,South Goa,6.707639245101382,18.083333333333332,0.3709293591761133,2,1,1,2,High
Gujarat,Ahmadabad,8.114241128467226,22.25,0.36468499453785286,2,0,1,1,Medium
Gujarat,Ahmedabad,26.464813689810168,103.75,0.2550825415885317,1,0,0,0,Low
Gujarat,Amreli,11.131105747027792,33.583333333333336,0.3314473175293635,2,0,1,1,Medium
Gujarat,Anand,19.22986944281939,48.833333333333336,0.393785722378554,1,0,1,1,Medium
Gujarat,Arvalli,7.727852028196255,17.083333333333332,0.45236206994319544,3,1,1,2,High
Gujarat,Banas Kantha,7.857056276579245,5.2,1.510972360880624,3,1,1,2,High
Gujarat,Banaskantha,12.506967754985316,40.666666666666664,0.3075483874176717,2,0,1,1,Medium
Gujarat,Bharuch,13.342515777495908,34.25,0.3895625044524353,2,0,1,1,Medium
Gujarat,Bhavnagar,12.724052622946635,53.083333333333336,0.23969957845425371,2,0,0,0,Low
Gujarat,Botad,4.7736651315188405,11.666666666666666,0.40917129698732924,3,1,1,2,High
Gujarat,Chhotaudepur,5.19542339395205,15.083333333333334,0.3444479598200254,2,1,1,2,High
Gujarat,Dahod,8.011355577043012,25.0,0.3204542230817205,2,0,1,1,Medium
Gujarat,Dang,,4.0,,0,1,0,1,Medium
Gujarat,Devbhumi Dwarka,5.52679423766206,15.0,0.3684529491774706,3,1,1,2,High
Gujarat,Dohad,7.302967433402214,15.666666666666666,0.4661468574512052,3,1,1,2,High
Gujarat,Gandhinagar,11.485168301295847,33.5,0.34284084481480137,2,0,1,1,Medium
Gujarat,Gir Somnath,7.316958301635918,20.416666666666668,0.3583816311005347,2,0,1,1,Medium
Gujarat,Jamnagar,12.844052980648163,43.333333333333336,0.2964012226303422,2,0,1,1,Medium
Gujarat,Junagadh,15.628984340485838,50.583333333333336,0.30897497872459645,1,0,1,1,Medium
Gujarat,Kachchh,12.698126800533386,41.833333333333336,0.30354087969402516,2,0,1,1,Medium
Gujarat,Kheda,19.3975552973861,51.416666666666664,0.3772620155083196,1,0,1,1,Medium
Gujarat,Mahesana,13.98348593119322,41.583333333333336,0.33627621477819364,2,0,1,1,Medium
Gujarat,Mahisagar,6.855654600401044,16.5,0.41549421820612387,3,1,1,2,High
Gujarat,Morbi,4.999242366841624,13.583333333333334,0.3680423828349662,3,1,1,2,High
Gujarat,Narmada,5.466149273372241,12.666666666666666,0.43153810052938746,3,1,1,2,High
Gujarat,Navsari,10.112623374533015,23.916666666666668,0.4228274581686278,2,0,1,1,Medium
Gujarat,Panch Mahals,1.6292775867068983,2.3636363636363638,0.6893097482221492,3,1,1,2,High
Gujarat,Panchmahals,11.650204836279606,32.5,0.3584678411162956,2,0,1,1,Medium
Gujarat,Patan,8.60760762877288,26.5,0.32481538221784456,2,0,1,1,Medium
Gujarat,Porbandar,5.851702678915278,14.333333333333334,0.4082583264359496,3,1,1,2,High
Gujarat,Rajkot,15.755710845354589,53.666666666666664,0.29358467413704203,1,0,1,1,Medium
Gujarat,Sabar Kantha,2.3587361793206894,4.181818181818182,0.5640456080984257,3,1,1,2,High
Gujarat,Sabarkantha,14.493467703093213,44.333333333333336,0.32692032412992206,2,0,1,1,Medium
Gujarat,Surat,18.797767436747925,75.91666666666667,0.24761054801424268,1,0,0,0,Low
Gujarat,Surendra Nagar,10.737572097334413,38.75,0.2770986347699203,2,0,0,0,Low
Gujarat,Surendranagar,2.0575065816014617,3.7,0.5560828598922869,3,1,1,2,High
Gujarat,Tapi,8.361165642964556,21.5,0.38889142525416537,2,0,1,1,Medium
Gujarat,The Dangs,1.9286515936521478,6.083333333333333,0.31703861813459966,3,1,1,2,High
Gujarat,Vadodara,26.85807254078484,83.58333333333333,0.3213328718737967,1,0,1,1,Medium
Gujarat,Valsad,12.967324903445398,33.833333333333336,0.3832706868013418,2,0,1,1,Medium
Haryana,Ambala,6.741998624632422,20.0,0.3370999312316211,2,0,1,1,Medium
Haryana,Bhiwani,7.334022006230877,30.166666666666668,0.24311675158776389,2,0,0,0,Low
Haryana,Charkhi Dadri,4.334498677803326,11.666666666666666,0.371528458097428,3,1,1,2,High
Haryana,Faridabad,4.942088872556059,22.666666666666668,0.2180333326127673,2,0,0,0,Low
Haryana,Fatehabad,3.7040109300185624,13.916666666666666,0.2661564740133099,2,1,0,1,Medium
Haryana,Gurgaon,5.989890473021012,34.333333333333336,0.1744628293112916,2,0,0,0,Low
Haryana,Gurugram,3.5355339059327378,3.5,1.0101525445522108,3,1,1,2,High
Haryana,Hisar,4.9787426914712904,24.333333333333332,0.20460586403306674,2,0,0,0,Low
Haryana,Jhajjar,6.09706834669273,20.916666666666668,0.2914933074116046,2,0,1,1,Medium
Haryana,Jhajjar *,,1.0,,0,1,0,1,Medium
Haryana,Jind,4.273774855458757,18.083333333333332,0.23633778002536904,2,1,0,1,Medium
Haryana,Kaithal,4.1660605619770585,16.916666666666668,0.24626958987056502,2,1,0,1,Medium
Haryana,Karnal,5.884623002265131,21.583333333333332,0.27264662558757363,2,0,0,0,Low
Haryana,Kurukshetra,4.1887294667302815,17.5,0.23935596952744465,2,1,0,1,Medium
Haryana,Mahendragarh,2.8123105996832765,13.5,0.2083193036802427,2,1,0,1,Medium
Haryana,Mewat,1.9128750375000738,11.25,0.17003333666667322,0,1,0,1,Medium
Haryana,Nuh,,2.0,,0,1,0,1,Medium
Haryana,Palwal,1.9694638556693236,10.666666666666666,0.1846372364689991,2,1,0,1,Medium
Haryana,Panchkula,5.468920451889103,14.5,0.37716692771648985,3,1,1,2,High
Haryana,Panipat,3.9312269655344823,16.0,0.24570168534590514,2,1,0,1,Medium
Haryana,Rewari,5.741924500522188,19.333333333333332,0.29699609485459594,2,0,1,1,Medium
Haryana,Rohtak,5.2397085276325654,19.0,0.2757741330332929,2,0,0,0,Low
Haryana,Sirsa,6.136700327463523,18.25,0.3362575521897821,2,1,1,2,High
Haryana,Sonipat,6.14163634300314,29.916666666666668,0.2052914655042832,2,0,0,0,Low
Haryana,Yamuna Nagar,4.40729422937049,18.833333333333332,0.2340156227984331,2,0,0,0,Low
Haryana,Yamunanagar,0.8864052604279183,1.75,0.5065172916730962,3,1,1,2,High
Himachal Pradesh,Bilaspur,6.77506569352026,15.916666666666666,0.4256585776033671,3,1,1,2,High
Himachal Pradesh,Chamba,8.57542295096159,18.583333333333332,0.4614577372714757,3,1,1,2,High
Himachal Pradesh,Hamirpur,7.120180453961102,21.833333333333332,0.32611513529592834,2,0,1,1,Medium
Himachal Pradesh,Kangra,18.374884044161032,67.0,0.27425200065911987,1,0,0,0,Low
Himachal Pradesh,Kinnaur,1.7939291563999449,4.2727272727272725,0.4198557600084978,3,1,1,2,High
Himachal Pradesh,Kullu,4.935953440181174,16.181818181818183,0.30503083057299385,2,1,1,2,High
Himachal Pradesh,Lahul & Spiti,0.9511897312113418,1.7142857142857142,0.5548606765399494,3,1,1,2,High
Himachal Pradesh,Lahul and Spiti,0.8366600265340756,1.5,0.5577733510227171,3,1,1,2,High
Himachal Pradesh,Mandi,13.54090324188385,37.583333333333336,0.36029010843149933,2,0,1,1,Medium
Himachal Pradesh,Shimla,9.789837030865687,24.25,0.4037046198295129,2,0,1,1,Medium
Himachal Pradesh,Sirmaur,5.6702306083187795,15.166666666666666,0.37386135879024923,3,1,1,2,High
Himachal Pradesh,Solan,6.124961348053677,17.666666666666668,0.3466959253615289,2,1,1,2,High
Himachal Pradesh,Una,8.67030809280976,21.583333333333332,0.4017131162691781,2,0,1,1,Medium
Jammu & Kashmir,Anantnag,,1.0,,0,1,0,1,Medium
Jammu & Kashmir,Baramula,0.5345224838248488,1.4285714285714286,0.37416573867739417,3,1,1,2,High
Jammu & Kashmir,Doda,0.0,1.0,0.0,0,1,0,1,Medium
Jammu & Kashmir,Jammu,1.1677484162422844,1.8181818181818181,0.6422616289332564,3,1,1,2,High
Jammu & Kashmir,Kargil,,1.0,,0,1,0,1,Medium
Jammu & Kashmir,Rajauri,,1.0,,0,1,0,1,Medium
Jammu & Kashmir,Srinagar,,1.0,,0,1,0,1,Medium
Jammu And Kashmir,Doda,,1.0,,0,1,0,1,Medium
Jammu And Kashmir,Shopian,,1.0,,0,1,0,1,Medium
Jammu and Kashmir,Anantnag,6.005048381204439,18.333333333333332,0.32754809352024217,2,1,1,2,High
Jammu and Kashmir,Badgam,3.1718458443950364,9.333333333333334,0.33984062618518246,3,1,1,2,High
Jammu and Kashmir,Bandipore,2.229281716090851,7.333333333333333,0.30399296128511605,3,1,1,2,High
Jammu and Kashmir,Baramula,4.4687466889159175,20.833333333333332,0.21449984106796405,2,0,0,0,Low
Jammu and Kashmir,Budgam,2.691175253012007,7.166666666666667,0.3755128260016754,3,1,1,2,High
Jammu and Kashmir,Doda,3.8954129979043843,13.916666666666666,0.27990991601708154,2,1,0,1,Medium
Jammu and Kashmir,Ganderbal,2.0,6.0,0.3333333333333333,3,1,1,2,High
Jammu and Kashmir,Jammu,11.285214247237871,42.083333333333336,0.2681635068650583,2,0,0,0,Low
Jammu and Kashmir,Kargil,1.80067327475704,6.166666666666667,0.29200107158222266,3,1,1,2,High
Jammu and Kashmir,Kathua,5.376717484589543,20.0,0.26883587422947713,2,0,0,0,Low
Jammu and Kashmir,Kishtwar,1.4668044012461756,4.833333333333333,0.30347677267162254,3,1,1,2,High
Jammu and Kashmir,Kulgam,2.2087978356535665,3.8333333333333335,0.5762081310400607,3,1,1,2,High
Jammu and Kashmir,Kupwara,2.3532698077098573,11.416666666666666,0.2061258225731262,2,1,0,1,Medium
Jammu and Kashmir,Leh,1.7288403306519922,3.1,0.5576904292425781,3,1,1,2,High
Jammu and Kashmir,Pulwama,4.512608598542129,11.0,0.4102371453220117,3,1,1,2,High
Jammu and Kashmir,Punch,1.5447859516333116,7.25,0.2130739243632154,2,1,0,1,Medium
Jammu and Kashmir,Rajouri,5.441145155760927,17.166666666666668,0.31695991198607343,2,1,1,2,High
Jammu and Kashmir,Ramban,1.775250729197189,6.666666666666667,0.26628760937957835,2,1,0,1,Medium
Jammu and Kashmir,Reasi,3.128558579902059,8.833333333333334,0.3541764430077803,3,1,1,2,High
Jammu and Kashmir,Samba,3.0748244591432297,7.0,0.43926063702046136,3,1,1,2,High
Jammu and Kashmir,Shupiyan,0.4923659639173309,1.6666666666666667,0.2954195783503985,3,1,1,2,High
Jammu and Kashmir,Srinagar,9.136589775582173,29.25,0.312362043609647,2,0,1,1,Medium
Jammu and Kashmir,Udhampur,5.515817475609796,17.333333333333332,0.31822023897748825,2,1,1,2,High
Jharkhand,Bokaro,11.420343358421517,39.333333333333336,0.29034771250224195,2,0,1,1,Medium
Jharkhand,Chatra,2.5166114784235836,11.833333333333334,0.21267139254283804,2,1,0,1,Medium
Jharkhand,Deoghar,6.110100926607787,25.333333333333332,0.24118819447136003,2,0,0,0,Low
Jharkhand,Dhanbad,12.757350822173073,59.25,0.2153139379269717,2,0,0,0,Low
Jharkhand,Dumka,7.204796382208931,31.5,0.2287236946732994,2,0,0,0,Low
Jharkhand,East Singhbhum,9.500797414699017,39.083333333333336,0.24309076540807717,2,0,0,0,Low
Jharkhand,East Singhbum,,4.0,,0,1,0,1,Medium
Jharkhand,Garhwa,3.2844906435973886,16.666666666666668,0.1970694386158433,2,1,0,1,Medium
Jharkhand,Garhwa *,1.2880570286640687,3.75,0.3434818743104183,3,1,1,2,High
Jharkhand,Giridih,6.151496491985433,35.25,0.17451053877972858,2,0,0,0,Low
Jharkhand,Godda,3.9571569224748857,18.75,0.21104836919866057,2,1,0,1,Medium
Jharkhand,Gumla,4.712169930567599,26.25,0.17951123545019426,2,0,0,0,Low
Jharkhand,Hazaribag,3.2473765635439547,7.0,0.4639109376491364,3,1,1,2,High
Jharkhand,Hazaribagh,7.723929758166558,31.75,0.24327337820997033,2,0,0,0,Low
Jharkhand,Jamtara,2.6227443411030134,10.166666666666666,0.25797485322324726,2,1,0,1,Medium
Jharkhand,Khunti,2.902454551623922,12.333333333333334,0.23533415283437206,2,1,0,1,Medium
Jharkhand,Kodarma,1.3371158468430429,3.8333333333333335,0.34881282961122856,3,1,1,2,High
Jharkhand,Koderma,2.9076701075853597,13.5,0.21538297093224887,2,1,0,1,Medium
Jharkhand,Latehar,3.4200832880164915,14.333333333333334,0.23861046195463895,2,1,0,1,Medium
Jharkhand,Lohardaga,2.8431203515386634,8.916666666666666,0.3188546188641492,3,1,1,2,High
Jharkhand,Pakaur,1.3142574813455419,3.5,0.37550213752729766,3,1,1,2,High
Jharkhand,Pakur,2.6457513110645907,11.5,0.23006533139692092,2,1,0,1,Medium
Jharkhand,Palamau,1.337115846843043,3.1666666666666665,0.42224710952938205,3,1,1,2,High
Jharkhand,Palamu,4.769696007084729,27.75,0.17188093719224248,2,0,0,0,Low
Jharkhand,Pashchimi Singhbhum,2.3532698077098573,5.416666666666667,0.43444981065412747,3,1,1,2,High
Jharkhand,Purbi Singhbhum,4.052683360964982,16.666666666666668,0.24316100165789892,2,1,0,1,Medium
Jharkhand,Ramgarh,7.955844049845028,22.75,0.3497074307624188,2,0,1,1,Medium
Jharkhand,Ranchi,9.466047781733439,49.833333333333336,0.18995413608829642,2,0,0,0,Low
Jharkhand,Sahebganj,4.0414518843273814,20.166666666666668,0.20040257277656437,2,0,0,0,Low
Jharkhand,Sahibganj,1.1677484162422846,3.1818181818181817,0.36700664510471803,3,1,1,2,High
Jharkhand,Seraikela-Kharsawan,4.914419106213384,20.833333333333332,0.23589211709824245,2,0,0,0,Low
Jharkhand,Seraikela-kharsawan,5.006056937411525,11.166666666666666,0.4483036063353605,3,1,1,2,High
Jharkhand,Simdega,2.876234912646613,11.5,0.25010738370840113,2,1,0,1,Medium
Jharkhand,West Singhbhum,4.901298529239704,21.75,0.2253470588156186,2,0,0,0,Low
Karnataka,Bagalkot,11.802349534963556,49.75,0.2372331564816795,2,0,0,0,Low
Karnataka,Bagalkot *,2.2033033051637387,4.363636363636363,0.5049236741000235,3,1,1,2,High
Karnataka,Ballari,9.687151753271396,32.75,0.29579089322966096,2,0,1,1,Medium
Karnataka,Bangalore,23.554417973293376,93.41666666666667,0.2521436357533635,1,0,0,0,Low
Karnataka,Bangalore Rural,3.884701930767545,20.0,0.19423509653837726,2,0,0,0,Low
Karnataka,Belagavi,26.675945355433246,101.83333333333333,0.2619569102006538,1,0,0,0,Low
Karnataka,Belgaum,23.772915579531155,92.66666666666667,0.25654225445537215,1,0,0,0,Low
Karnataka,Bellary,13.186310624234055,41.666666666666664,0.31647145498161733,2,0,1,1,Medium
Karnataka,Bengaluru,31.213220780867065,145.41666666666666,0.214646790470146,1,0,0,0,Low
Karnataka,Bengaluru Rural,,8.0,,0,1,0,1,Medium
Karnataka,Bengaluru South,1.640399064529449,3.090909090909091,0.5307173444065865,3,1,1,2,High
Karnataka,Bengaluru Urban,57.27564927611035,44.5,1.2870932421597832,1,0,1,1,Medium
Karnataka,Bidar,9.003366373785196,37.166666666666664,0.24224304144713535,2,0,0,0,Low
Karnataka,Bijapur,13.42205331354019,49.833333333333336,0.26933886247906735,2,0,0,0,Low
Karnataka,Chamarajanagar,2.3094010767585034,4.666666666666667,0.49487165930539356,3,1,1,2,High
Karnataka,Chamarajanagar *,0.7071067811865476,1.5,0.47140452079103173,3,1,1,2,High
Karnataka,Chamrajanagar,6.527331813693908,21.333333333333332,0.305968678766902,2,0,1,1,Medium
Karnataka,Chamrajnagar,3.270622218625945,6.833333333333333,0.4786276417501383,3,1,1,2,High
Karnataka,Chickmagalur,7.890827048868294,19.916666666666668,0.3961921530812532,2,0,1,1,Medium
Karnataka,Chikkaballapur,8.135220844071672,27.0,0.3013044757063582,2,0,1,1,Medium
Karnataka,Chikkamagaluru,6.579582744438212,19.09090909090909,0.344644810422954,2,0,1,1,Medium
Karnataka,Chikmagalur,1.300349603340998,2.909090909090909,0.44699517614846807,3,1,1,2,High
Karnataka,Chitradurga,11.963011174601334,38.25,0.31275846208108066,2,0,1,1,Medium
Karnataka,Dakshina Kannada,28.1116550831706,77.91666666666667,0.3607912951850772,1,0,1,1,Medium
Karnataka,Davanagere,2.724746304565331,9.166666666666666,0.29724505140712704,3,1,1,2,High
Karnataka,Davangere,12.329749684106618,43.25,0.2850809175515981,2,0,1,1,Medium
Karnataka,Dharwad,12.310072249498733,47.416666666666664,0.25961488048151987,2,0,0,0,Low
Karnataka,Gadag,9.5900832618751,31.833333333333332,0.30125916005890363,2,0,1,1,Medium
Karnataka,Gadag *,2.114882330704778,3.5454545454545454,0.5965052727628861,3,1,1,2,High
Karnataka,Gulbarga,11.106577357856947,44.916666666666664,0.24727073895043297,2,0,0,0,Low
Karnataka,Hasan,7.41160024433443,19.25,0.3850181945108795,2,0,1,1,Medium
Karnataka,Hassan,10.013248799223533,36.916666666666664,0.2712392451256939,2,0,0,0,Low
Karnataka,Haveri,9.374368665610922,36.333333333333336,0.2580101467599336,2,0,0,0,Low
Karnataka,Haveri *,1.4459976109624424,2.5,0.5783990443849769,3,1,1,2,High
Karnataka,Kalaburagi,9.614934721409693,43.583333333333336,0.2206103568965895,2,0,0,0,Low
Karnataka,Kodagu,7.661394761854378,15.166666666666666,0.505146907375014,3,1,1,2,High
Karnataka,Kolar,9.714094726923161,35.0,0.277545563626376,2,0,0,0,Low
Karnataka,Koppal,7.967262561712945,34.75,0.22927374278310633,2,0,0,0,Low
Karnataka,Mandya,10.766108438479101,41.5,0.25942429972238795,2,0,0,0,Low
Karnataka,Mysore,11.843358962522057,41.083333333333336,0.2882764859031738,2,0,1,1,Medium
Karnataka,Mysuru,13.452497796680621,44.666666666666664,0.3011753238062826,2,0,1,1,Medium
Karnataka,Raichur,9.976867183032896,46.583333333333336,0.21417246188979383,2,0,0,0,Low
Karnataka,Ramanagar,6.24257134277991,22.666666666666668,0.27540755924029015,2,0,0,0,Low
Karnataka,Ramanagara,,1.0,,0,1,0,1,Medium
Karnataka,Shimoga,12.359207094308275,33.25,0.37170547652054964,2,0,1,1,Medium
Karnataka,Shivamogga,12.461759688962655,33.75,0.369237324117412,2,0,1,1,Medium
Karnataka,Tumakuru,16.906830249662683,43.25,0.3909093699343973,2,0,1,1,Medium
Karnataka,Tumkur,12.566188400190844,43.5,0.2888778942572608,2,0,1,1,Medium
Karnataka,Udupi,16.802777548171413,49.166666666666664,0.3417514077594186,1,0,1,1,Medium
Karnataka,Udupi *,,1.0,,0,1,0,1,Medium
Karnataka,Uttara Kannada,15.207653575510168,49.0,0.31036027705122793,2,0,1,1,Medium
Karnataka,Vijayanagara,7.391128998927558,25.583333333333332,0.28890406510466027,2,0,1,1,Medium
Karnataka,Vijayapura,16.448266004216205,55.0,0.2990593818948401,1,0,1,1,Medium
Karnataka,Yadgir,7.025386865223907,32.916666666666664,0.21342947438654908,2,0,0,0,Low
Karnataka,yadgir,3.2286595398465954,11.333333333333334,0.28488172410411133,2,1,1,2,High
Kerala,Alappuzha,28.955556330767372,56.666666666666664,0.5109804058370713,1,0,1,1,Medium
Kerala,Ernakulam,34.29053672795031,82.75,0.4143871507909403,1,0,1,1,Medium
Kerala,Idukki,11.965860528261985,27.5,0.43512220102770854,2,0,1,1,Medium
Kerala,Kannur,35.117551512632886,81.83333333333333,0.42913504903421046,1,0,1,1,Medium
Kerala,Kasaragod,12.182948839433022,33.666666666666664,0.36186976750791155,2,0,1,1,Medium
Kerala,Kasargod,2.906367096044424,5.916666666666667,0.4912169739793392,3,1,1,2,High
Kerala,Kollam,35.768087181257826,75.91666666666667,0.4711493371845158,1,0,1,1,Medium
Kerala,Kottayam,25.43485439670961,53.25,0.4776498478255326,1,0,1,1,Medium
Kerala,Kozhikode,29.79055677101844,82.25,0.36219521910052815,1,0,1,1,Medium
Kerala,Malappuram,38.88083971533661,118.58333333333333,0.32787777693888925,1,0,1,1,Medium
Kerala,Palakkad,38.24195300578894,88.41666666666667,0.43251973239346586,1,0,1,1,Medium
Kerala,Pathanamthitta,15.269299759698056,36.333333333333336,0.4202559566889373,2,0,1,1,Medium
Kerala,Thiruvananthapuram,39.964757201587226,87.5,0.456740082303854,1,0,1,1,Medium
Kerala,Thrissur,41.89922976076594,98.5,0.42537289097224307,1,0,1,1,Medium
Kerala,Wayanad,5.853644293527879,16.583333333333332,0.3529835754891184,2,1,1,2,High
Ladakh,Kargil,1.8829377433825438,5.5,0.3423523169786443,3,1,1,2,High
Ladakh,Leh,1.475729574745244,2.8,0.52704627669473,3,1,1,2,High
Lakshadweep,Lakshadweep,2.3159525823376357,4.5,0.5146561294083635,3,1,1,2,High
Madhya Pradesh,Agar Malwa,2.7579087378048985,9.833333333333334,0.28046529536998965,2,1,0,1,Medium
Madhya Pradesh,Alirajpur,3.1908961408698624,12.0,0.2659080117391552,2,1,0,1,Medium
Madhya Pradesh,Anuppur,5.160308893737649,18.416666666666668,0.2801977679857547,2,1,0,1,Medium
Madhya Pradesh,Ashok Nagar,2.005673770264565,12.25,0.1637284710420053,0,1,0,1,Medium
Madhya Pradesh,Ashoknagar,,5.0,,0,1,0,1,Medium
Madhya Pradesh,Balaghat,8.522252512029192,33.916666666666664,0.25127034433501305,2,0,0,0,Low
Madhya Pradesh,Barwani,5.071459057282921,16.583333333333332,0.3058166265698244,2,1,1,2,High
Madhya Pradesh,Betul,6.494753127087909,31.0,0.20950816538993255,2,0,0,0,Low
Madhya Pradesh,Bhind,7.304523297660198,35.083333333333336,0.20820493960076575,2,0,0,0,Low
Madhya Pradesh,Bhopal,8.19598941094011,43.916666666666664,0.18662594484114103,2,0,0,0,Low
Madhya Pradesh,Burhanpur,4.1587804156332355,8.25,0.5040945958343316,3,1,1,2,High
Madhya Pradesh,Chhatarpur,7.668807342775411,36.083333333333336,0.212530457536501,2,0,0,0,Low
Madhya Pradesh,Chhindwara,9.884177745112119,36.333333333333336,0.27204158931501243,2,0,0,0,Low
Madhya Pradesh,Damoh,3.964807305493795,20.416666666666668,0.19419464353438995,2,0,0,0,Low
Madhya Pradesh,Datia,3.128558579902059,15.833333333333334,0.19759317346749847,2,1,0,1,Medium
Madhya Pradesh,Dewas,3.9876703915337774,23.583333333333332,0.16908849716751,2,0,0,0,Low
Madhya Pradesh,Dhar,7.362373629105321,27.75,0.26531076140920073,2,0,0,0,Low
Madhya Pradesh,Dindori,2.8109633849474367,11.916666666666666,0.2358850392962884,2,1,0,1,Medium
Madhya Pradesh,East Nimar,5.158106300383951,20.333333333333332,0.2536773590352763,2,0,0,0,Low
Madhya Pradesh,Guna,4.987864059774272,22.166666666666668,0.22501642374921527,2,0,0,0,Low
Madhya Pradesh,Gwalior,7.739606911950705,33.583333333333336,0.23045975916478526,2,0,0,0,Low
Madhya Pradesh,Harda,1.2154310870109943,5.25,0.2315106832401894,2,1,0,1,Medium
Madhya Pradesh,Harda *,2.4618298195866544,5.333333333333333,0.4615930911724977,3,1,1,2,High
Madhya Pradesh,Hoshangabad,4.667748792285075,20.833333333333332,0.22405194202968362,2,0,0,0,Low
Madhya Pradesh,Indore,9.820741809912818,48.583333333333336,0.20214219848877155,2,0,0,0,Low
Madhya Pradesh,Jabalpur,9.19486022435657,37.0,0.24850973579342078,2,0,0,0,Low
Madhya Pradesh,Jhabua,3.545163158189171,15.25,0.2324697152910932,2,1,0,1,Medium
Madhya Pradesh,Katni,4.905161165609757,24.333333333333332,0.20158196570999,2,0,0,0,Low
Madhya Pradesh,Khandwa,5.7280542997257,20.416666666666668,0.2805577616192179,2,0,0,0,Low
Madhya Pradesh,Khargone,8.927315929044392,28.333333333333332,0.315081738672155,2,0,1,1,Medium
Madhya Pradesh,Maihar,2.5045413298101655,5.5,0.4553711508745755,3,1,1,2,High
Madhya Pradesh,Mandla,5.334280218974764,23.5,0.22699064761594742,2,0,0,0,Low
Madhya Pradesh,Mandsaur,6.853444168423419,30.666666666666668,0.2234818750572854,2,0,0,0,Low
Madhya Pradesh,Mauganj,1.781640374554423,5.583333333333333,0.3190997685769116,3,1,1,2,High
Madhya Pradesh,Morena,5.599648257351581,22.583333333333332,0.24795490438457188,2,0,0,0,Low
Madhya Pradesh,Narmadapuram,3.6045005538110613,10.583333333333334,0.3405827294939585,3,1,1,2,High
Madhya Pradesh,Narsimhapur,4.011347540529129,13.5,0.29713685485400954,2,1,1,2,High
Madhya Pradesh,Narsinghpur,4.65800061152526,25.333333333333332,0.1838684451917866,2,0,0,0,Low
Madhya Pradesh,Neemuch,5.051252469947579,21.333333333333332,0.23677745952879278,2,0,0,0,Low
Madhya Pradesh,Niwari,1.689540012709215,3.3636363636363638,0.5022956794540909,3,1,1,2,High
Madhya Pradesh,Pandhurna,0.5222329678670935,1.5454545454545454,0.3379154497963546,3,1,1,2,High
Madhya Pradesh,Panna,2.7906771199618903,18.833333333333332,0.14817754619266674,2,0,0,0,Low
Madhya Pradesh,Raisen,5.52679423766206,28.0,0.1973855084879307,2,0,0,0,Low
Madhya Pradesh,Rajgarh,4.98102459947811,24.416666666666668,0.2040010074871581,2,0,0,0,Low
Madhya Pradesh,Ratlam,4.529365464957705,22.166666666666668,0.20433227661463327,2,0,0,0,Low
Madhya Pradesh,Rewa,8.867287515288305,49.083333333333336,0.18065781015867516,2,0,0,0,Low
Madhya Pradesh,Sagar,8.235179525558737,44.0,0.18716317103542582,2,0,0,0,Low
Madhya Pradesh,Satna,7.371114795831993,42.833333333333336,0.17208828317117492,2,0,0,0,Low
Madhya Pradesh,Sehore,5.9917873086012605,25.083333333333332,0.2388752415389207,2,0,0,0,Low
Madhya Pradesh,Seoni,6.478402347006317,25.833333333333332,0.2507768650454058,2,0,0,0,Low
Madhya Pradesh,Shahdol,4.66043956829149,20.083333333333332,0.2320550822385804,2,0,0,0,Low
Madhya Pradesh,Shajapur,6.908492797077575,30.5,0.2265079605599205,2,0,0,0,Low
Madhya Pradesh,Sheopur,2.5346089292516947,9.333333333333334,0.27156524241982444,2,1,0,1,Medium
Madhya Pradesh,Shivpuri,6.166257152659729,28.75,0.21447850965772972,2,0,0,0,Low
Madhya Pradesh,Sidhi,2.7080128015453204,15.333333333333334,0.17660953053556436,2,1,0,1,Medium
Madhya Pradesh,Singrauli,3.0000000000000004,15.5,0.19354838709677422,2,1,0,1,Medium
Madhya Pradesh,Tikamgarh,5.77547059606926,27.916666666666668,0.20688252881442123,2,0,0,0,Low
Madhya Pradesh,Ujjain,7.948222595287731,38.916666666666664,0.2042369831765584,2,0,0,0,Low
Madhya Pradesh,Umaria,2.3094010767585034,12.333333333333334,0.18724873595339214,2,1,0,1,Medium
Madhya Pradesh,Vidisha,4.638442789897436,20.666666666666668,0.22444078015632754,2,0,0,0,Low
Madhya Pradesh,West Nimar,4.070403151799809,9.75,0.41747724633844197,3,1,1,2,High
Maharashtra,Ahmadnagar,25.83675441668088,99.08333333333333,0.2607578242221788,1,0,0,0,Low
Maharashtra,Ahmed Nagar,2.574643252722186,6.083333333333333,0.4232290278447429,3,1,1,2,High
Maharashtra,Ahmednagar,,2.0,,0,1,0,1,Medium
Maharashtra,Akola,9.592847714455145,31.25,0.3069711268625646,2,0,1,1,Medium
Maharashtra,Amravati,15.840827572504482,48.25,0.32830730720216544,2,0,1,1,Medium
Maharashtra,Aurangabad,12.496059985111913,59.833333333333336,0.20884779919407095,2,0,0,0,Low
Maharashtra,Beed,9.939209163101397,39.666666666666664,0.250568298229447,2,0,0,0,Low
Maharashtra,Bhandara,6.331139971074194,20.583333333333332,0.3075857475825519,2,0,1,1,Medium
Maharashtra,Bid,5.149286505444373,9.166666666666666,0.561740346048477,3,1,1,2,High
Maharashtra,Buldana,5.597618541248888,15.333333333333334,0.3650620787771014,3,1,1,2,High
Maharashtra,Buldhana,11.482199662560701,39.75,0.2888603688694516,2,0,1,1,Medium
Maharashtra,Chandrapur,10.955488454319472,32.75,0.3345187314296022,2,0,1,1,Medium
Maharashtra,Chatrapati Sambhaji Nagar,0.621581560508061,1.75,0.3551894631474634,3,1,1,2,High
Maharashtra,Chhatrapati Sambhajinagar,4.9787426914712904,13.666666666666666,0.36429824571741154,3,1,1,2,High
Maharashtra,Dharashiv,2.4936282437809005,3.727272727272727,0.6690222117460953,3,1,1,2,High
Maharashtra,Dhule,11.005164077088372,39.25,0.28038634591307954,2,0,0,0,Low
Maharashtra,Gadchiroli,6.402532642823794,20.083333333333332,0.31879830586674496,2,0,1,1,Medium
Maharashtra,Gondia,0.5175491695067657,1.375,0.3763993960049205,3,1,1,2,High
Maharashtra,Gondiya,4.100073909163841,16.083333333333332,0.25492687518117146,2,1,0,1,Medium
Maharashtra,Gondiya *,1.1259916264596035,2.125,0.5298784124515781,3,1,1,2,High
Maharashtra,Hingoli,4.9749371855331,15.25,0.3262253892152852,2,1,1,2,High
Maharashtra,Jalgaon,22.742964280023486,75.83333333333333,0.299907221275035,1,0,1,1,Medium
Maharashtra,Jalna,7.391128998927557,29.916666666666668,0.24705723673295454,2,0,0,0,Low
Maharashtra,Kolhapur,20.124423575407672,79.41666666666667,0.25340302508383217,1,0,0,0,Low
Maharashtra,Latur,8.886489575175169,36.333333333333336,0.2445822818855551,2,0,0,0,Low
Maharashtra,Mumbai,24.71458286236298,105.08333333333333,0.23519032065690387,1,0,0,0,Low
Maharashtra,Mumbai City,8.928588744571952,31.583333333333332,0.28269937977536524,2,0,1,1,Medium
Maharashtra,Mumbai Suburban,16.56095261496607,77.08333333333333,0.2148447906806409,1,0,0,0,Low
Maharashtra,Mumbai( Sub Urban ),3.7284735685686643,8.416666666666666,0.4429869586418215,3,1,1,2,High
Maharashtra,Nagpur,19.89270461676081,78.41666666666667,0.2536795487790964,1,0,0,0,Low
Maharashtra,Nanded,13.822467437494874,52.833333333333336,0.26162398935321524,2,0,0,0,Low
Maharashtra,Nandurbar,7.523699927965004,30.666666666666668,0.2453380411292936,2,0,0,0,Low
Maharashtra,Nandurbar *,1.5447859516333116,3.25,0.47531875434871124,3,1,1,2,High
Maharashtra,Nashik,24.256676681614156,98.75,0.24563723221887754,1,0,0,0,Low
Maharashtra,Osmanabad,10.348473756593727,30.0,0.3449491252197909,2,0,1,1,Medium
Maharashtra,Palghar,10.202123961868594,41.916666666666664,0.2433906312970639,2,0,0,0,Low
Maharashtra,Parbhani,5.678241298362042,27.666666666666668,0.20523763729019426,2,0,0,0,Low
Maharashtra,Pune,37.12744227248854,176.91666666666666,0.20985836423450893,1,0,0,0,Low
Maharashtra,Raigad,6.806859285554045,23.833333333333332,0.2856024875057641,2,0,1,1,Medium
Maharashtra,Raigarh,13.220736696110349,46.666666666666664,0.28330150063093607,2,0,1,1,Medium
Maharashtra,Raigarh(MH),0.9759000729485331,2.4285714285714284,0.40184120650821953,3,1,1,2,High
Maharashtra,Ratnagiri,13.594506466238709,36.416666666666664,0.373304525388706,2,0,1,1,Medium
Maharashtra,Sangli,16.57672702278344,56.666666666666664,0.292530476872649,1,0,1,1,Medium
Maharashtra,Satara,20.51311479975381,59.333333333333336,0.345726653928435,1,0,1,1,Medium
Maharashtra,Sindhudurg,6.801849124697747,21.916666666666668,0.3103505304044599,2,0,1,1,Medium
Maharashtra,Solapur,20.57801121232432,81.0,0.25404952113980644,1,0,0,0,Low
Maharashtra,Thane,21.014425060088143,111.83333333333333,0.18790842080555717,1,0,0,0,Low
Maharashtra,Wardha,6.24257134277991,17.333333333333332,0.360148346698841,2,1,1,2,High
Maharashtra,Washim,4.581749037477308,15.416666666666666,0.29719453216069025,2,1,1,2,High
Maharashtra,Washim *,0.4472135954999579,1.2,0.37267799624996495,3,1,1,2,High
Maharashtra,Yavatmal,11.90206246450971,41.25,0.2885348476244778,2,0,1,1,Medium
Manipur,Bishnupur,1.4433756729740645,4.916666666666667,0.2935679334862504,3,1,1,2,High
Manipur,Chandel,1.7494587907710375,5.166666666666667,0.3386049272460072,3,1,1,2,High
Manipur,Churachandpur,2.674231693686086,8.666666666666666,0.30856519542531763,3,1,1,2,High
Manipur,Imphal East,2.674231693686086,12.333333333333334,0.21682959678535832,2,1,0,1,Medium
Manipur,Imphal West,4.166060561977059,14.083333333333334,0.2958149511463001,2,1,1,2,High
Manipur,Jiribam,0.7862453931068965,1.7272727272727273,0.45519470127241374,3,1,1,2,High
Manipur,Kakching,0.674199862463242,1.6363636363636365,0.4120110270608701,3,1,1,2,High
Manipur,Pherzawl,,1.0,,0,1,0,1,Medium
Manipur,Senapati,5.410427642315095,15.0,0.36069517615433966,3,1,1,2,High
Manipur,Tamenglong,1.9924098397912438,6.833333333333333,0.2915721716767674,3,1,1,2,High
Manipur,Thoubal,2.0225995873897262,9.5,0.21290521972523435,2,1,0,1,Medium
Manipur,Ukhrul,1.9306145983268457,5.5,0.35102083605942647,3,1,1,2,High
Meghalaya,East Garo Hills,3.6139460511477,5.166666666666667,0.6994734292543936,3,1,1,2,High
Meghalaya,East Jaintia Hills,2.6784776318353725,4.083333333333333,0.6559537057556014,3,1,1,2,High
Meghalaya,East Khasi Hills,27.957760347287543,41.0,0.6818965938362815,1,0,1,1,Medium
Meghalaya,Eastern West Khasi Hills,0.5222329678670935,1.5,0.34815531191139565,3,1,1,2,High
Meghalaya,Kamrup,,1.0,,0,1,0,1,Medium
Meghalaya,North Garo Hills,3.71728150913834,6.2727272727272725,0.5926100956597354,3,1,1,2,High
Meghalaya,Ri Bhoi,5.974694109071166,12.333333333333334,0.48443465749225667,3,1,1,2,High
Meghalaya,South Garo Hills,5.626237237670081,8.363636363636363,0.6727022784170749,3,1,1,2,High
Meghalaya,South West Garo Hills,4.0451991747794525,6.181818181818182,0.654370454743735,3,1,1,2,High
Meghalaya,South West Khasi Hills,3.165869118066518,5.25,0.6030226891555273,3,1,1,2,High
Meghalaya,West Garo Hills,9.76504278567486,14.583333333333334,0.6696029338748475,3,1,1,2,High
Meghalaya,West Jaintia Hills,4.40729422937049,7.166666666666667,0.6149712878191381,3,1,1,2,High
Meghalaya,West Khasi Hills,2.674231693686086,4.333333333333333,0.6171303908506353,3,1,1,2,High
Mizoram,Aizawl,4.351070923556427,13.25,0.3283827112118058,2,1,1,2,High
Mizoram,Champhai,1.5447859516333116,4.75,0.32521809508069716,3,1,1,2,High
Mizoram,Khawzawl,0.408248290463863,1.1666666666666667,0.34992710611188255,3,1,1,2,High
Mizoram,Kolasib,1.4396969378057567,3.5454545454545454,0.40606836707341853,3,1,1,2,High
Mizoram,Lawngtlai,2.3677121037112188,5.166666666666667,0.45826685878281653,3,1,1,2,High
Mizoram,Lunglei,2.6967994498529686,5.0,0.5393598899705937,3,1,1,2,High
Mizoram,Mamit,0.7888106377466155,1.8,0.43822813208145306,3,1,1,2,High
Mizoram,Mammit,0.46709936649691375,1.2727272727272727,0.367006645104718,3,1,1,2,High
Mizoram,Saiha,1.3706888336846839,2.6666666666666665,0.5140083126317565,3,1,1,2,High
Mizoram,Saitual,0.5773502691896257,1.3333333333333333,0.4330127018922193,3,1,1,2,High
Mizoram,Serchhip,0.8755950357709131,2.1,0.41695001703376816,3,1,1,2,High
Nagaland,Chumukedima,1.513574937328539,2.909090909090909,0.5202913847066852,3,1,1,2,High
Nagaland,Dimapur,3.278719262151,8.25,0.3974205166243637,3,1,1,2,High
Nagaland,Kiphire,0.6030226891555273,2.0,0.30151134457776363,3,1,1,2,High
Nagaland,Kohima,3.194455423784382,6.75,0.47325265537546396,3,1,1,2,High
Nagaland,Longleng,0.90033663737852,1.9166666666666667,0.4697408542844452,3,1,1,2,High
Nagaland,Meluri,0.4472135954999579,1.2,0.37267799624996495,3,1,1,2,High
Nagaland,Mokokchung,1.5642792899510294,4.416666666666667,0.35417644300778023,3,1,1,2,High
Nagaland,Mon,1.7494587907710375,6.833333333333333,0.2560183596250299,2,1,0,1,Medium
Nagaland,Niuland,0.4472135954999579,1.2,0.37267799624996495,3,1,1,2,High
Nagaland,Noklak,0.674199862463242,1.6363636363636365,0.4120110270608701,3,1,1,2,High
Nagaland,Peren,1.4222261679238197,2.75,0.5171731519722981,3,1,1,2,High
Nagaland,Phek,2.124888588879783,4.833333333333333,0.4396321218371965,3,1,1,2,High
Nagaland,Shamator,0.5222329678670935,1.5,0.34815531191139565,3,1,1,2,High
Nagaland,Tseminyu,0.0,1.0,0.0,0,1,0,1,Medium
Nagaland,Tuensang,2.0652243256245835,4.083333333333333,0.5057692226019388,3,1,1,2,High
Nagaland,Wokha,0.9847319278346618,2.3333333333333335,0.4220279690719979,3,1,1,2,High
Nagaland,Zunheboto,1.7837651700316894,4.5,0.3963922600070421,3,1,1,2,High
Odisha,ANUGUL,0.0,1.0,0.0,0,1,0,1,Medium
Odisha,Angul,6.052172162024795,29.083333333333332,0.20809761015558034,2,0,0,0,Low
Odisha,Anugul,2.119176512447486,5.090909090909091,0.4162668149450419,3,1,1,2,High
Odisha,Balangir,9.388903831199633,38.166666666666664,0.24599748029344018,2,0,0,0,Low
Odisha,Baleshwar,6.748175960056079,17.583333333333332,0.38378251905532207,3,1,1,2,High
Odisha,Baleswar,16.581068065170538,59.75,0.27750741531666173,1,0,0,0,Low
Odisha,Bargarh,8.458006785755067,35.583333333333336,0.23769574105166463,2,0,0,0,Low
Odisha,Baudh,1.6213537179739277,3.4166666666666665,0.4745425516021252,3,1,1,2,High
Odisha,Bhadrak,12.213690778149022,43.416666666666664,0.28131341523567804,2,0,0,0,Low
Odisha,Boudh,4.5151260930746595,14.75,0.306110243598282,2,1,1,2,High
Odisha,Cuttack,17.198484781743968,62.166666666666664,0.27665122973314693,1,0,0,0,Low
Odisha,Debagarh,2.6742316936860857,7.333333333333333,0.3646679582299208,3,1,1,2,High
Odisha,Dhenkanal,8.364789116869412,25.166666666666668,0.3323757264981223,2,0,1,1,Medium
Odisha,Gajapati,4.454313537562111,19.25,0.2313929110421876,2,0,0,0,Low
Odisha,Ganjam,23.472743703489307,90.33333333333333,0.25984587125633923,1,0,0,0,Low
Odisha,JAJPUR,10.604101550672256,35.583333333333336,0.29800753772381045,2,0,1,1,Medium
Odisha,Jagatsinghapur,7.673251454161259,27.833333333333332,0.2756856809878297,2,0,0,0,Low
Odisha,Jagatsinghpur,2.6053557891157184,9.333333333333334,0.27914526311954124,2,1,0,1,Medium
Odisha,Jajapur,11.468996415897896,35.083333333333336,0.3269072612607476,2,0,1,1,Medium
Odisha,Jajpur,0.0,1.0,0.0,0,1,0,1,Medium
Odisha,Jharsuguda,4.461111425588376,15.916666666666666,0.28027925186942676,2,1,0,1,Medium
Odisha,Kalahandi,7.501010032998991,35.583333333333336,0.21080121872596694,2,0,0,0,Low
Odisha,Kandhamal,7.56136511644838,27.416666666666668,0.2757944723324637,2,0,0,0,Low
Odisha,Kendrapara,12.386453989106101,41.166666666666664,0.3008855220025774,2,0,1,1,Medium
Odisha,Kendujhar,11.02476550977183,50.5,0.21831218831231347,2,0,0,0,Low
Odisha,Khorda,14.705956327799681,49.583333333333336,0.29659071585478347,2,0,1,1,Medium
Odisha,Khordha,2.800162332956625,8.25,0.33941361611595455,3,1,1,2,High
Odisha,Koraput,7.3957399695344685,34.166666666666664,0.2164606820351552,2,0,0,0,Low
Odisha,Malkangiri,4.0330077504452575,14.416666666666666,0.27974620234302366,2,1,0,1,Medium
Odisha,Mayurbhanj,22.272418055985884,85.66666666666667,0.259989315828629,1,0,0,0,Low
Odisha,NUAPADA,0.5345224838248488,1.5,0.3563483225498992,3,1,1,2,High
Odisha,Nabarangapur,5.096047190685833,24.833333333333332,0.20520995398734898,2,0,0,0,Low
Odisha,Nabarangpur,,1.0,,0,1,0,1,Medium
Odisha,Nayagarh,7.779148508362051,29.166666666666668,0.26671366314384176,2,0,0,0,Low
Odisha,Nuapada,2.429303429280737,11.416666666666666,0.2127857018348091,2,1,0,1,Medium
Odisha,Puri,8.918401134053052,36.083333333333336,0.24716123235250953,2,0,0,0,Low
Odisha,Rayagada,6.64864989712539,21.75,0.30568505274139723,2,0,1,1,Medium
Odisha,Sambalpur,9.070013865212749,28.583333333333332,0.31731826933688917,2,0,1,1,Medium
Odisha,Sonapur,3.964807305493795,12.416666666666666,0.31931334003976874,2,1,1,2,High
Odisha,Subarnapur,2.6227443411030134,7.166666666666667,0.36596432666553674,3,1,1,2,High
Odisha,Sundargarh,5.962000884388944,13.5,0.4416296951399218,3,1,1,2,High
Odisha,Sundergarh,12.565886962388099,48.583333333333336,0.2586460438227396,2,0,0,0,Low
Odisha,jajpur,0.5,1.25,0.4,3,1,1,2,High
Orissa,Anugul,0.9511897312113419,2.2857142857142856,0.4161455074049621,3,1,1,2,High
Orissa,Balangir,2.6443192398846707,8.916666666666666,0.2965591670898696,3,1,1,2,High
Orissa,Baleshwar,4.022663070879561,9.0,0.4469625634310624,3,1,1,2,High
Orissa,Bargarh,0.4409585518440984,2.7777777777777777,0.1587450786638754,0,1,0,1,Medium
Orissa,Baudh,,1.0,,0,1,0,1,Medium
Orissa,Bhadrak,3.676295896027891,8.666666666666666,0.4241879880032182,3,1,1,2,High
Orissa,Cuttack,1.9286515936521478,6.416666666666667,0.30056907953020484,3,1,1,2,High
Orissa,Debagarh,0.0,1.0,0.0,0,1,0,1,Medium
Orissa,Dhenkanal,1.4142135623730951,3.0,0.47140452079103173,3,1,1,2,High
Orissa,Gajapati,0.5773502691896257,1.3333333333333333,0.4330127018922193,3,1,1,2,High
Orissa,Ganjam,4.718596350097295,9.916666666666666,0.475824842026618,3,1,1,2,High
Orissa,Jagatsinghapur,0.8366600265340756,1.8,0.4648111258522642,3,1,1,2,High
Orissa,Jajapur,1.1281521496355325,2.5454545454545454,0.44320263021395917,3,1,1,2,High
Orissa,Jharsuguda,0.0,1.0,0.0,0,1,0,1,Medium
Orissa,Kalahandi,0.0,1.0,0.0,0,1,0,1,Medium
Orissa,Kandhamal,0.5477225575051661,1.4,0.3912303982179758,3,1,1,2,High
Orissa,Kendrapara,0.5270462766947299,1.5,0.35136418446315326,3,1,1,2,High
Orissa,Kendrapara *,,1.0,,0,1,0,1,Medium
Orissa,Kendujhar,1.4142135623730951,2.0,0.7071067811865476,3,1,1,2,High
Orissa,Khordha,4.223850031773037,11.25,0.3754533361576033,3,1,1,2,High
Orissa,Koraput,2.8090761988435076,2.909090909090909,0.9656199433524557,3,1,1,2,High
Orissa,Malkangiri,0.744023809142845,1.625,0.45786080562636616,3,1,1,2,High
Orissa,Mayurbhanj,0.5345224838248488,2.0,0.2672612419124244,3,1,0,1,Medium
Orissa,Nayagarh,0.9341987329938275,2.4545454545454546,0.3805994838123001,3,1,1,2,High
Orissa,Puri,2.598076211353316,5.25,0.4948716593053935,3,1,1,2,High
Orissa,Rayagada,1.5898986690282426,3.4444444444444446,0.46158348455658654,3,1,1,2,High
Orissa,Sambalpur,1.4142135623730951,2.0,0.7071067811865476,3,1,1,2,High
Orissa,Sonapur,0.0,1.0,0.0,0,1,0,1,Medium
Orissa,Subarnapur,0.0,1.0,0.0,0,1,0,1,Medium
Orissa,Sundargarh,1.0787197799411874,3.1818181818181817,0.3390262165529446,3,1,1,2,High
Orissa,Sundergarh,,1.0,,0,1,0,1,Medium
Pondicherry,Karaikal,2.32900030576263,4.166666666666667,0.5589600733830312,3,1,1,2,High
Pondicherry,Pondicherry,5.630006189780762,19.666666666666668,0.28627150117529293,2,0,1,1,Medium
Pondicherry,Yanam,0.0,1.0,0.0,0,1,0,1,Medium
Puducherry,Karaikal,2.6097137890209456,6.916666666666667,0.37730801768977523,3,1,1,2,High
Puducherry,Pondicherry,,1.0,,0,1,0,1,Medium
Puducherry,Puducherry,7.751343969488991,21.083333333333332,0.36765267839473476,2,0,1,1,Medium
Puducherry,Yanam,0.5773502691896257,1.3333333333333333,0.4330127018922193,3,1,1,2,High
Punjab,Amritsar,12.701705922171767,43.666666666666664,0.2908787615764527,2,0,1,1,Medium
Punjab,Barnala,4.206776639776552,11.333333333333334,0.3711861740979311,3,1,1,2,High
Punjab,Bathinda,6.268608661055063,22.75,0.2755432378485742,2,0,0,0,Low
Punjab,Faridkot,2.7455197664338145,9.583333333333334,0.28648901910613717,2,1,1,2,High
Punjab,Fatehgarh Sahib,4.392659165636977,13.25,0.33152144646316806,2,1,1,2,High
Punjab,Fazilka,3.7132033054868923,13.833333333333334,0.26842433533640186,2,1,0,1,Medium
Punjab,Ferozepur,6.496502555571379,18.25,0.35597274277103447,2,1,1,2,High
Punjab,Firozpur,4.692837869853088,9.25,0.5073338237679014,3,1,1,2,High
Punjab,Gurdaspur,10.500721475934478,37.083333333333336,0.2831655229465477,2,0,1,1,Medium
Punjab,Hoshiarpur,13.194351408497088,38.5,0.3427104261947296,2,0,1,1,Medium
Punjab,Jalandhar,15.569978883230458,46.333333333333336,0.3360427097100099,2,0,1,1,Medium
Punjab,Kapurthala,6.973977605094789,17.5,0.3985130060054165,3,1,1,2,High
Punjab,Ludhiana,15.58165199161754,62.333333333333336,0.24997302660348994,1,0,0,0,Low
Punjab,Malerkotla,2.4058010698889443,6.166666666666667,0.39012990322523416,3,1,1,2,High
Punjab,Mansa,4.951277765905637,12.166666666666666,0.406954336923751,3,1,1,2,High
Punjab,Moga,6.403124237432849,20.5,0.31234752377721214,2,0,1,1,Medium
Punjab,Muktsar,2.7468990781342053,6.5,0.42259985817449314,3,1,1,2,High
Punjab,Nawanshahr,2.8444523358476395,4.090909090909091,0.6953105709849785,3,1,1,2,High
Punjab,Pathankot,4.033946860424326,11.5,0.35077798786298486,3,1,1,2,High
Punjab,Patiala,6.050294257807681,24.666666666666668,0.24528219964085193,2,0,0,0,Low
Punjab,Rupnagar,7.08177344677978,21.166666666666668,0.33457197386361165,2,0,1,1,Medium
Punjab,S.A.S Nagar,,2.0,,0,1,0,1,Medium
Punjab,S.A.S Nagar(Mohali),2.454124543035107,6.25,0.39265992688561707,3,1,1,2,High
Punjab,SAS Nagar (Mohali),8.932406102942185,27.166666666666668,0.3288002246481786,2,0,1,1,Medium
Punjab,Sangrur,5.474458600601248,20.166666666666668,0.2714607570546073,2,0,0,0,Low
Punjab,Shaheed Bhagat Singh Nagar,7.337636478520117,17.25,0.4253702306388473,3,1,1,2,High
Punjab,Sri Muktsar Sahib,4.7950416309375505,16.583333333333332,0.2891482390515106,2,1,1,2,High
Punjab,Tarn Taran,9.17341349506906,29.166666666666668,0.31451703411665344,2,0,1,1,Medium
Rajasthan,Ajmer,16.51445647689541,66.0,0.2502190375287183,1,0,0,0,Low
Rajasthan,Alwar,11.911288254373995,71.33333333333333,0.16698067646318684,1,0,0,0,Low
Rajasthan,Banswara,5.674904885065955,27.75,0.20450107693931371,2,0,0,0,Low
Rajasthan,Baran,4.206776639776551,21.666666666666668,0.19415892183584083,2,0,0,0,Low
Rajasthan,Barmer,7.0624916197322225,45.666666666666664,0.15465310116201947,2,0,0,0,Low
Rajasthan,Bharatpur,9.362643371884403,55.25,0.16945960854089417,2,0,0,0,Low
Rajasthan,Bhilwara,9.64207949405609,51.333333333333336,0.18783271741667706,2,0,0,0,Low
Rajasthan,Bikaner,6.593729803932879,42.25,0.15606461074397346,2,0,0,0,Low
Rajasthan,Bundi,4.515126093074659,25.25,0.1788168749732538,2,0,0,0,Low
Rajasthan,Chittaurgarh,3.3154825052206567,8.416666666666666,0.3939187134915632,3,1,1,2,High
Rajasthan,Chittorgarh,9.110017795944431,39.416666666666664,0.23112095888231116,2,0,0,0,Low
Rajasthan,Churu,6.53834841531101,40.25,0.16244343888971452,2,0,0,0,Low
Rajasthan,Dausa,7.86389910228438,40.75,0.1929791190744633,2,0,0,0,Low
Rajasthan,Deeg,0.0,1.0,0.0,0,1,0,1,Medium
Rajasthan,Deeg ,,2.0,,0,1,0,1,Medium
Rajasthan,Dhaulpur,1.2210278829367867,2.090909090909091,0.5839698570567241,3,1,1,2,High
Rajasthan,Dholpur,3.7859388972001824,23.166666666666668,0.1634218229007273,2,0,0,0,Low
Rajasthan,Dungarpur,10.922245856299636,39.25,0.2782737797783347,2,0,0,0,Low
Rajasthan,Ganganagar,6.903556395734803,35.25,0.19584557151020718,2,0,0,0,Low
Rajasthan,Hanumangarh,4.438126822992973,25.666666666666668,0.17291403206466127,2,0,0,0,Low
Rajasthan,Jaipur,20.895845607114435,127.5,0.1638889851538387,1,0,0,0,Low
Rajasthan,Jaisalmer,4.14418175569586,15.583333333333334,0.26593679715695356,2,1,0,1,Medium
Rajasthan,Jalor,6.06717447092187,34.416666666666664,0.17628594104373474,2,0,0,0,Low
Rajasthan,Jalore,0.0,1.0,0.0,0,1,0,1,Medium
Rajasthan,Jhalawar,5.4578272955342575,30.166666666666668,0.180922451785666,2,0,0,0,Low
Rajasthan,Jhunjhunu,2.767506261797959,6.25,0.4428010018876734,3,1,1,2,High
Rajasthan,Jhunjhunun,13.224174374182605,66.83333333333333,0.19786794574836816,1,0,0,0,Low
Rajasthan,Jodhpur,9.604291969865567,64.66666666666667,0.1485199789154469,2,0,0,0,Low
Rajasthan,Karauli,6.624106572118829,37.666666666666664,0.17586123642793353,2,0,0,0,Low
Rajasthan,Kota,7.440165361472862,44.916666666666664,0.16564375572852383,2,0,0,0,Low
Rajasthan,Nagaur,12.73595483089295,72.25,0.1762761914310443,1,0,0,0,Low
Rajasthan,Pali,14.169963965652094,62.666666666666664,0.22611644626040578,1,0,0,0,Low
Rajasthan,Pratapgarh,4.420167280531222,19.416666666666668,0.22764810028486981,2,0,0,0,Low
Rajasthan,Rajsamand,8.547549710917513,31.833333333333332,0.2685094150026444,2,0,0,0,Low
Rajasthan,Sawai Madhopur,5.5616380843972735,37.75,0.1473281611760867,2,0,0,0,Low
Rajasthan,Sikar,15.246211650668169,79.58333333333333,0.19157543435394558,1,0,0,0,Low
Rajasthan,Sirohi,6.639528095680697,28.083333333333332,0.23642236542483194,2,0,0,0,Low
Rajasthan,Tonk,4.122186827695251,26.083333333333332,0.15803911160492976,2,0,0,0,Low
Rajasthan,Udaipur,15.214377171848763,61.25,0.2483979946424288,1,0,0,0,Low
Sikkim,East,3.0550504633038935,7.666666666666667,0.39848484303963827,3,1,1,2,High
Sikkim,East Sikkim,2.4908925016036827,6.75,0.36902111134869375,3,1,1,2,High
Sikkim,Mangan,,1.0,,0,1,0,1,Medium
Sikkim,Namchi,0.4472135954999579,1.2,0.37267799624996495,3,1,1,2,High
Sikkim,North,0.8997354108424375,1.8571428571428572,0.4844729135305432,3,1,1,2,High
Sikkim,North Sikkim,0.5149286505444373,1.4166666666666667,0.36347904744313214,3,1,1,2,High
Sikkim,South,1.378954368902449,3.9166666666666665,0.352073455889987,3,1,1,2,High
Sikkim,South Sikkim,2.1616492020508953,3.5454545454545454,0.6096959287835858,3,1,1,2,High
Sikkim,West,1.348399724926484,4.0,0.337099931231621,3,1,1,2,High
Sikkim,West Sikkim,1.5447859516333116,3.25,0.47531875434871124,3,1,1,2,High
Tamil Nadu,Ariyalur,7.337636478520118,29.25,0.2508593667870126,2,0,0,0,Low
Tamil Nadu,Chengalpattu,6.287915297447859,17.583333333333332,0.3576065572008261,2,1,1,2,High
Tamil Nadu,Chennai,17.38926000830293,86.25,0.20161460879191803,1,0,0,0,Low
Tamil Nadu,Coimbatore,28.207429711143316,107.75,0.2617858905906572,1,0,0,0,Low
Tamil Nadu,Cuddalore,21.744208563675205,88.41666666666667,0.24592884332149145,1,0,0,0,Low
Tamil Nadu,Dharmapuri,10.313274764284929,43.0,0.23984359916941694,2,0,0,0,Low
Tamil Nadu,Dindigul,16.18828607544993,65.33333333333333,0.24777988890994793,1,0,0,0,Low
Tamil Nadu,Erode,18.833400375316444,68.16666666666667,0.2762846020828818,1,0,0,0,Low
Tamil Nadu,Kallakurichi,6.229815892994435,15.416666666666666,0.4040961660320715,3,1,1,2,High
Tamil Nadu,Kancheepuram,27.88884864579172,117.83333333333333,0.2366804694126596,1,0,0,0,Low
Tamil Nadu,Kanchipuram,,1.0,,0,1,0,1,Medium
Tamil Nadu,Kanniyakumari,14.95954139630887,39.166666666666664,0.3819457377780988,2,0,1,1,Medium
Tamil Nadu,Kanyakumari,13.235340661435293,39.416666666666664,0.3357803127636861,2,0,1,1,Medium
Tamil Nadu,Karur,12.901432854414649,42.583333333333336,0.3029690689882109,2,0,1,1,Medium
Tamil Nadu,Krishnagiri,10.680979980008075,45.416666666666664,0.23517754084421452,2,0,0,0,Low
Tamil Nadu,Madurai,16.548139142843496,77.25,0.21421539343486726,1,0,0,0,Low
Tamil Nadu,Mayiladuthurai,3.9648073054937956,12.083333333333334,0.3281219839029348,3,1,1,2,High
Tamil Nadu,Nagapattinam,23.234476733744383,70.75,0.32840249800345417,1,0,1,1,Medium
Tamil Nadu,Namakkal,16.63762621471603,56.916666666666664,0.2923155411077487,1,0,1,1,Medium
Tamil Nadu,Perambalur,7.597846584873422,27.5,0.2762853303590335,2,0,0,0,Low
Tamil Nadu,Pudukkottai,15.420372200043643,67.16666666666667,0.22958370521156787,1,0,0,0,Low
Tamil Nadu,Ramanathapuram,17.7942789580349,54.5,0.32650053134008994,1,0,1,1,Medium
Tamil Nadu,Ranipet,2.368778400591983,3.5,0.6767938287405666,3,1,1,2,High
Tamil Nadu,Salem,28.064320063134627,106.16666666666667,0.2643421042053497,1,0,0,0,Low
Tamil Nadu,Sivaganga,16.120756430105505,58.666666666666664,0.2747856209677075,1,0,0,0,Low
Tamil Nadu,Tenkasi,9.510759457296007,24.5,0.3881942635631023,2,0,1,1,Medium
Tamil Nadu,Thanjavur,26.264389995166113,96.0,0.27358739578298036,1,0,0,0,Low
Tamil Nadu,The Nilgiris,7.819943423805261,25.333333333333332,0.30868197725547086,2,0,1,1,Medium
Tamil Nadu,Theni,10.21140182701314,35.5,0.2876451218876941,2,0,1,1,Medium
Tamil Nadu,Thiruvallur,2.5390883594254245,4.916666666666667,0.5164247510695779,3,1,1,2,High
Tamil Nadu,Thiruvarur,15.564139045974377,66.66666666666667,0.23346208568961563,1,0,0,0,Low
Tamil Nadu,Thoothukkudi,20.473190155701555,68.66666666666667,0.29815325469468285,1,0,1,1,Medium
Tamil Nadu,Tiruchirappalli,25.6743888422732,100.41666666666667,0.2556785610848783,1,0,0,0,Low
Tamil Nadu,Tirunelveli,29.618790104808934,115.0,0.25755469656355595,1,0,0,0,Low
Tamil Nadu,Tirupathur,0.0,1.0,0.0,0,1,0,1,Medium
Tamil Nadu,Tirupattur,5.843929769557054,17.166666666666668,0.3404230933722555,2,1,1,2,High
Tamil Nadu,Tiruppur,18.0208212909401,65.75,0.27408093218159846,1,0,0,0,Low
Tamil Nadu,Tiruvallur,20.00833159794523,97.83333333333333,0.2045144626706497,1,0,0,0,Low
Tamil Nadu,Tiruvannamalai,20.82975726883988,84.66666666666667,0.2460207551437781,1,0,0,0,Low
Tamil Nadu,Tuticorin,0.0,1.0,0.0,0,1,0,1,Medium
Tamil Nadu,Vellore,31.223898190037357,108.25,0.2884424775061188,1,0,1,1,Medium
Tamil Nadu,Villupuram,24.676543886489004,89.25,0.27648788668335017,1,0,0,0,Low
Tamil Nadu,Viluppuram,24.032017784361734,79.91666666666667,0.30071346549774847,1,0,1,1,Medium
Tamil Nadu,Virudhunagar,14.681208355849963,60.083333333333336,0.24434743449403543,1,0,0,0,Low
Telangana,Adilabad,10.263202878893768,37.333333333333336,0.27490721997036877,2,0,0,0,Low
Telangana,Bhadradri Kothagudem,6.186495556672394,25.5,0.2426076688891135,2,0,0,0,Low
Telangana,Hanumakonda,6.719487714961249,19.333333333333332,0.3475597093945474,2,0,1,1,Medium
Telangana,Hyderabad,17.52119928094034,82.58333333333333,0.21216386616678518,1,0,0,0,Low
Telangana,Jagitial,6.748175960056079,21.583333333333332,0.3126568012381195,2,0,1,1,Medium
Telangana,Jangaon,1.3333333333333333,2.4444444444444446,0.5454545454545454,3,1,1,2,High
Telangana,Jangoan,5.418822414845901,15.5,0.3496014461190904,2,1,1,2,High
Telangana,Jayashankar Bhupalpally,2.570225788926064,11.666666666666666,0.22030506762223406,2,1,0,1,Medium
Telangana,Jogulamba Gadwal,3.848455022552045,13.916666666666666,0.27653569024326075,2,1,0,1,Medium
Telangana,K.v. Rangareddy,28.487105004109345,123.33333333333333,0.23097652706034605,1,0,0,0,Low
Telangana,Kamareddy,8.338937509531943,26.416666666666668,0.3156695587204521,2,0,1,1,Medium
Telangana,Karimnagar,22.182951411688514,80.08333333333333,0.2769983526953821,1,0,0,0,Low
Telangana,Khammam,13.331155125108138,46.416666666666664,0.28720621454452006,2,0,1,1,Medium
Telangana,Komaram Bheem,2.72474630456533,11.833333333333334,0.23026025109002787,2,1,0,1,Medium
Telangana,Mahabubabad,5.7603661499785055,19.5,0.29540339230659,2,0,1,1,Medium
Telangana,Mahabubnagar,19.709058062144162,86.41666666666667,0.22807010293705876,1,0,0,0,Low
Telangana,Mancherial,6.14163634300314,18.083333333333332,0.33962965952091095,2,1,1,2,High
Telangana,Medak,24.548498688897208,85.08333333333333,0.28852300124071156,1,0,1,1,Medium
Telangana,Medchal Malkajgiri,,2.0,,0,1,0,1,Medium
Telangana,Medchal-malkajgiri,8.301149975099287,33.0,0.2515499992454329,2,0,0,0,Low
Telangana,Medchal?malkajgiri,,1.0,,0,1,0,1,Medium
Telangana,Medchal−malkajgiri,4.025486983527018,8.75,0.4600556552602306,3,1,1,2,High
Telangana,Mulugu,3.9273709303097943,11.833333333333334,0.33189050115294033,3,1,1,2,High
Telangana,Nagarkurnool,5.597618541248889,19.333333333333332,0.28953199351287356,2,0,1,1,Medium
Telangana,Nalgonda,18.476028695681233,66.5,0.2778350179801689,1,0,0,0,Low
Telangana,Narayanpet,4.3788403058620915,15.416666666666666,0.2840328847045681,2,1,1,2,High
Telangana,Nirmal,4.166060561977059,15.416666666666666,0.27023095537148495,2,1,0,1,Medium
Telangana,Nizamabad,16.15901099583871,61.25,0.2638205876871626,1,0,0,0,Low
Telangana,Peddapalli,4.888917584856094,11.916666666666666,0.41025881830960237,3,1,1,2,High
Telangana,Rajanna Sircilla,4.712169930567599,11.25,0.4188595493837866,3,1,1,2,High
Telangana,Ranga Reddy,,1.0,,0,1,0,1,Medium
Telangana,Rangareddy,1.712255291076124,5.25,0.32614386496688075,3,1,1,2,High
Telangana,Sangareddy,8.863869460804452,32.25,0.2748486654513008,2,0,0,0,Low
Telangana,Siddipet,8.923920866769475,29.0,0.3077214091989474,2,0,1,1,Medium
Telangana,Suryapet,6.4590786471211965,21.416666666666668,0.3015912208772543,2,0,1,1,Medium
Telangana,Vikarabad,6.383572667401854,25.25,0.25281475910502393,2,0,0,0,Low
Telangana,Wanaparthy,5.149286505444372,16.833333333333332,0.30589820824422015,2,1,1,2,High
Telangana,Warangal,11.862852638689933,49.0,0.24209903344265168,2,0,0,0,Low
Telangana,Warangal (urban),0.0,1.0,0.0,0,1,0,1,Medium
Telangana,Warangal Rural,4.100997661323622,13.5,0.30377760454249053,2,1,1,2,High
Telangana,Warangal Urban,3.2566947363946475,10.666666666666666,0.30531513153699824,2,1,1,2,High
Telangana,Yadadri.,5.502065727772367,19.5,0.2821572168088393,2,0,1,1,Medium
The Dadra And Nagar Haveli And Daman And Diu,Dadra And Nagar Haveli,,2.0,,0,1,0,1,Medium
Tripura,Dhalai,2.037526724122938,12.166666666666666,0.1674679499279127,0,1,0,1,Medium
Tripura,Dhalai  *,0.37796447300922725,1.1428571428571428,0.33071891388307384,3,1,1,2,High
Tripura,Gomati,3.4465617474213164,7.666666666666667,0.4495515322723456,3,1,1,2,High
Tripura,Khowai,2.0056737702645644,4.75,0.422247109529382,3,1,1,2,High
Tripura,North Tripura,5.19542339395205,17.416666666666668,0.29830182166231867,2,1,1,2,High
Tripura,Sepahijala,2.3532698077098573,7.916666666666667,0.29725513360545563,3,1,1,2,High
Tripura,South Tripura,6.087742279417391,18.166666666666668,0.33510507960095726,2,1,1,2,High
Tripura,Unakoti,1.969463855669324,8.666666666666666,0.22724582950030664,2,1,0,1,Medium
Tripura,West Tripura,7.136653149888831,29.25,0.24398814187654122,2,0,0,0,Low
Uttar Pradesh,Agra,10.561508156766937,53.5,0.19741136741620444,2,0,0,0,Low
Uttar Pradesh,Aligarh,11.500658742661289,57.583333333333336,0.19972200421408895,2,0,0,0,Low
Uttar Pradesh,Allahabad,11.763773358763915,71.25,0.1651055910001953,1,0,0,0,Low
Uttar Pradesh,Ambedkar Nagar,8.144527815247079,46.166666666666664,0.17641576495120026,2,0,0,0,Low
Uttar Pradesh,Amethi,10.26431004042944,49.083333333333336,0.20912006873540454,2,0,0,0,Low
Uttar Pradesh,Amroha,3.2321772378645472,21.583333333333332,0.14975338553812576,2,0,0,0,Low
Uttar Pradesh,Auraiya,4.813963276162628,25.916666666666668,0.1857477791445387,2,0,0,0,Low
Uttar Pradesh,Ayodhya,5.977229519373731,19.5,0.3065245907371144,2,0,1,1,Medium
Uttar Pradesh,Azamgarh,15.32872130902304,78.33333333333333,0.19568580394497498,1,0,0,0,Low
Uttar Pradesh,Baghpat,5.382350506024015,24.333333333333332,0.22119248654893214,2,0,0,0,Low
Uttar Pradesh,Bahraich,13.242207542780038,44.916666666666664,0.29481723657395265,2,0,1,1,Medium
Uttar Pradesh,Ballia,12.659587335894939,60.416666666666664,0.2095379972837783,2,0,0,0,Low
Uttar Pradesh,Balrampur,4.7926711727070295,25.666666666666668,0.18672744828728685,2,0,0,0,Low
Uttar Pradesh,Banda,3.892494720807615,20.333333333333332,0.19143416659709583,2,0,0,0,Low
Uttar Pradesh,Bara Banki,10.088997908012411,58.166666666666664,0.17344982076812168,2,0,0,0,Low
Uttar Pradesh,Barabanki,4.2453182769643165,9.75,0.43541725917582735,3,1,1,2,High
Uttar Pradesh,Bareilly,8.586458683722455,42.5,0.20203432196994012,2,0,0,0,Low
Uttar Pradesh,Basti,6.958752935996681,42.666666666666664,0.16309577193742222,2,0,0,0,Low
Uttar Pradesh,Bhadohi,2.9490625115398443,10.166666666666666,0.29007172244654206,2,1,1,2,High
Uttar Pradesh,Bijnor,7.990050631310737,46.75,0.17091017393178048,2,0,0,0,Low
Uttar Pradesh,Budaun,5.401318581998513,38.583333333333336,0.1399909783671321,2,0,0,0,Low
Uttar Pradesh,Bulandshahar,2.3532698077098573,4.416666666666667,0.5328158055192129,3,1,1,2,High
Uttar Pradesh,Bulandshahr,9.954441676503464,58.0,0.1716283047673011,2,0,0,0,Low
Uttar Pradesh,Chandauli,4.5817490374773095,30.916666666666668,0.14819673436584288,2,0,0,0,Low
Uttar Pradesh,Chitrakoot,1.5642792899510296,12.416666666666666,0.12598222469404266,0,1,0,1,Medium
Uttar Pradesh,Deoria,7.912399168776853,45.333333333333336,0.17453821695831293,2,0,0,0,Low
Uttar Pradesh,Etah,4.119429204355498,23.666666666666668,0.1740603889164295,2,0,0,0,Low
Uttar Pradesh,Etawah,4.399552318822973,26.416666666666668,0.16654456727405575,2,0,0,0,Low
Uttar Pradesh,Faizabad,11.861575346342901,54.833333333333336,0.21632052303360913,2,0,0,0,Low
Uttar Pradesh,Farrukhabad,5.728054299725697,34.416666666666664,0.16643257045207838,2,0,0,0,Low
Uttar Pradesh,Fatehpur,7.676706206558785,42.75,0.17957207500722305,2,0,0,0,Low
Uttar Pradesh,Firozabad,5.299371031861548,31.916666666666668,0.16603773467973518,2,0,0,0,Low
Uttar Pradesh,Gautam Buddha Nagar,7.216878364870321,33.916666666666664,0.21278265449249106,2,0,0,0,Low
Uttar Pradesh,Ghaziabad,8.862587350511955,49.0,0.1808691296022848,2,0,0,0,Low
Uttar Pradesh,Ghazipur,12.285431135365915,66.75,0.18405140277701745,1,0,0,0,Low
Uttar Pradesh,Gonda,7.982461836407173,55.583333333333336,0.14361250680192814,2,0,0,0,Low
Uttar Pradesh,Gorakhpur,11.83568051838733,70.91666666666667,0.16689561248019735,1,0,0,0,Low
Uttar Pradesh,Hamirpur,4.390071442781686,23.0,0.19087267142529069,2,0,0,0,Low
Uttar Pradesh,Hapur,2.7010099121355595,11.75,0.22987318401153697,2,1,0,1,Medium
Uttar Pradesh,Hardoi,7.075352009660443,44.666666666666664,0.1584034032013532,2,0,0,0,Low
Uttar Pradesh,Hathras,5.608435205522611,26.0,0.2157090463662543,2,0,0,0,Low
Uttar Pradesh,Jalaun,6.171169527191205,28.416666666666668,0.21716725608884005,2,0,0,0,Low
Uttar Pradesh,Jaunpur,13.725391201578324,72.25,0.1899708124785927,1,0,0,0,Low
Uttar Pradesh,Jhansi,7.774764928727408,34.583333333333336,0.2248124798668166,2,0,0,0,Low
Uttar Pradesh,Jyotiba Phule Nagar,1.5811388300841895,2.6666666666666665,0.5929270612815711,3,1,1,2,High
Uttar Pradesh,Kannauj,4.51260859854213,30.0,0.150420286618071,2,0,0,0,Low
Uttar Pradesh,Kanpur Dehat,4.5016831868926,32.416666666666664,0.13886940422290797,2,0,0,0,Low
Uttar Pradesh,Kanpur Nagar,12.47057141895076,71.66666666666667,0.174007973287685,1,0,0,0,Low
Uttar Pradesh,Kasganj,4.239067936433312,20.166666666666668,0.21020171585619726,2,0,0,0,Low
Uttar Pradesh,Kaushambi,3.980063955630498,22.75,0.17494786618156036,2,0,0,0,Low
Uttar Pradesh,Kheri,7.076957915187381,49.083333333333336,0.14418250421434392,2,0,0,0,Low
Uttar Pradesh,Kushi Nagar,,1.0,,0,1,0,1,Medium
Uttar Pradesh,Kushinagar,3.720337228116436,32.75,0.11359808330126522,2,0,0,0,Low
Uttar Pradesh,Kushinagar *,,1.0,,0,1,0,1,Medium
Uttar Pradesh,Lalitpur,3.792936017963345,18.25,0.20783211057333398,2,1,0,1,Medium
Uttar Pradesh,Lucknow,13.540064007726603,78.66666666666667,0.17211945772533815,1,0,0,0,Low
Uttar Pradesh,Maharajganj,5.775470596069259,30.416666666666668,0.1898784853502222,2,0,0,0,Low
Uttar Pradesh,Mahoba,3.222788177396032,15.25,0.2113303722882644,2,1,0,1,Medium
Uttar Pradesh,Mahrajganj,,1.0,,0,1,0,1,Medium
Uttar Pradesh,Mainpuri,5.867217604984702,32.333333333333336,0.18146033829849592,2,0,0,0,Low
Uttar Pradesh,Mathura,7.3045232976601975,44.916666666666664,0.16262389530968901,2,0,0,0,Low
Uttar Pradesh,Mau,6.579928156557224,36.25,0.18151525949123376,2,0,0,0,Low
Uttar Pradesh,Meerut,6.617241025372945,38.833333333333336,0.17040105644737194,2,0,0,0,Low
Uttar Pradesh,Mirzapur,4.621261798043973,26.416666666666668,0.17493735513100211,2,0,0,0,Low
Uttar Pradesh,Moradabad,4.334498677803325,27.666666666666668,0.15666862690855393,2,0,0,0,Low
Uttar Pradesh,Muzaffarnagar,6.692374674798087,38.333333333333336,0.17458368716864572,2,0,0,0,Low
Uttar Pradesh,Pilibhit,2.860387767736777,16.0,0.17877423548354857,2,1,0,1,Medium
Uttar Pradesh,Pratapgarh,13.546776425229417,61.333333333333336,0.22087135475917527,1,0,0,0,Low
Uttar Pradesh,Prayagraj,8.382431122004613,28.916666666666668,0.2898823442768166,2,0,1,1,Medium
Uttar Pradesh,Rae Bareli,12.815710056115666,60.333333333333336,0.21241508380302207,2,0,0,0,Low
Uttar Pradesh,Raebareli,,1.0,,0,1,0,1,Medium
Uttar Pradesh,Rampur,3.6045005538110604,15.583333333333334,0.23130484837290227,2,1,0,1,Medium
Uttar Pradesh,Saharanpur,4.641708149534451,33.5,0.13855845222490898,2,0,0,0,Low
Uttar Pradesh,Sambhal,3.613946051147701,29.833333333333332,0.12113785646305143,2,0,0,0,Low
Uttar Pradesh,Sant Kabir Nagar,4.832810839052218,30.083333333333332,0.16064745171364714,2,0,0,0,Low
Uttar Pradesh,Sant Ravidas Nagar,3.6711405213193258,22.75,0.1613688141239264,2,0,0,0,Low
Uttar Pradesh,Sant Ravidas Nagar Bhadohi,0.9428090415820634,2.0,0.4714045207910317,3,1,1,2,High
Uttar Pradesh,Shahjahanpur,5.64613034553648,31.666666666666668,0.17829885301694146,2,0,0,0,Low
Uttar Pradesh,Shamli,2.7797972457128464,16.5,0.16847256034623312,2,1,0,1,Medium
Uttar Pradesh,Shravasti,,4.0,,0,1,0,1,Medium
Uttar Pradesh,Shrawasti,3.5451631581891716,18.25,0.19425551551721487,2,1,0,1,Medium
Uttar Pradesh,Siddharth Nagar,,6.0,,0,1,0,1,Medium
Uttar Pradesh,Siddharthnagar,4.926735965396083,32.5,0.15159187585834102,2,0,0,0,Low
Uttar Pradesh,Sitapur,7.4772381872647955,46.5,0.16080082123150097,2,0,0,0,Low
Uttar Pradesh,Sonbhadra,4.575130400526108,28.25,0.16195151860269408,2,0,0,0,Low
Uttar Pradesh,Sultanpur,8.195989410940111,49.083333333333336,0.16698110854207357,2,0,0,0,Low
Uttar Pradesh,Unnao,6.956030738601121,40.25,0.17282063946835083,2,0,0,0,Low
Uttar Pradesh,Varanasi,10.19655319064717,57.833333333333336,0.176309277071709,2,0,0,0,Low
Uttarakhand,Almora,7.581376703955075,21.25,0.3567706684214153,2,0,1,1,Medium
Uttarakhand,Bageshwar,3.4761089357690347,11.416666666666666,0.30447669510385705,2,1,1,2,High
Uttarakhand,Chamoli,5.863988713867348,16.25,0.3608608439302984,2,1,1,2,High
Uttarakhand,Champawat,2.6784776318353725,7.916666666666667,0.33833401665288915,3,1,1,2,High
Uttarakhand,Dehradun,7.72638141027025,40.666666666666664,0.18999298549844879,2,0,0,0,Low
Uttarakhand,Garhwal,0.5270462766947299,1.4444444444444444,0.36487819155789,3,1,1,2,High
Uttarakhand,Hardwar,1.888562063228706,3.7,0.5104221792510015,3,1,1,2,High
Uttarakhand,Haridwar,6.0371325724196,27.583333333333332,0.21886885458923022,2,0,0,0,Low
Uttarakhand,Nainital,3.6958207355188253,20.25,0.18250966595154694,2,0,0,0,Low
Uttarakhand,Pauri Garhwal,7.049607769015926,25.333333333333332,0.2782739908822076,2,0,0,0,Low
Uttarakhand,Pithoragarh,6.278872703299727,17.833333333333332,0.35208631981119964,2,1,1,2,High
Uttarakhand,Rudraprayag,3.333712099692528,11.75,0.2837201786972364,2,1,1,2,High
Uttarakhand,Tehri Garhwal,5.484827557301445,24.916666666666668,0.22012685848701452,2,0,0,0,Low
Uttarakhand,Udham Singh Nagar,3.8009169547583763,20.916666666666668,0.1817171452474124,2,0,0,0,Low
Uttarakhand,Uttarkashi,3.869069264008719,11.333333333333334,0.34138846447135757,3,1,1,2,High
WEST BENGAL,HOOGHLY,0.0,1.0,0.0,0,1,0,1,Medium
WESTBENGAL,HOOGHLY,,1.0,,0,1,0,1,Medium
West  Bengal,Hooghly,0.3333333333333333,1.1111111111111112,0.3,3,1,1,2,High
West Bangal,Howrah,0.0,1.0,0.0,0,1,0,1,Medium
West Bengal,24 Paraganas North,,31.0,,0,0,0,0,Low
West Bengal,24 Paraganas South,,1.0,,0,1,0,1,Medium
West Bengal,Alipurduar,6.06217782649107,18.25,0.33217412747896274,2,1,1,2,High
West Bengal,Bankura,15.452762820540496,79.33333333333333,0.19478272462866172,1,0,0,0,Low
West Bengal,Barddhaman,30.78505639055574,149.58333333333334,0.20580539091179326,1,0,0,0,Low
West Bengal,Bardhaman,9.558036440925543,37.416666666666664,0.2554486353922194,2,0,0,0,Low
West Bengal,Birbhum,11.668398139912572,65.16666666666667,0.1790547029142594,2,0,0,0,Low
West Bengal,Cooch Behar,9.136589775582175,53.25,0.17157915071515822,2,0,0,0,Low
West Bengal,Coochbehar,5.656854249492381,5.0,1.131370849898476,3,1,1,2,High
West Bengal,Dakshin Dinajpur,5.967081414398551,28.833333333333332,0.20695080049937173,2,0,0,0,Low
West Bengal,Darjeeling,9.345230512584124,46.333333333333336,0.20169562257375806,2,0,0,0,Low
West Bengal,Darjiling,1.9227505550564004,9.666666666666666,0.19890522983342074,2,1,0,1,Medium
West Bengal,Dinajpur Dakshin,,2.0,,0,1,0,1,Medium
West Bengal,Dinajpur Uttar,6.363961030678928,5.5,1.1570838237598051,3,1,1,2,High
West Bengal,East Midnapore,11.349476025817495,38.083333333333336,0.29801687595144405,2,0,1,1,Medium
West Bengal,HOOGHLY,,1.0,,0,1,0,1,Medium
West Bengal,HOWRAH,0.7071067811865476,1.5,0.47140452079103173,3,1,1,2,High
West Bengal,Haora,7.906652358308888,41.833333333333336,0.18900364203128814,2,0,0,0,Low
West Bengal,Hawrah,,1.0,,0,1,0,1,Medium
West Bengal,Hooghly,19.085731621165365,122.58333333333333,0.1556959751556658,1,0,0,0,Low
West Bengal,Howrah,9.440001926039864,66.75,0.14142324982831256,2,0,0,0,Low
West Bengal,Hugli,2.534608929251695,4.666666666666667,0.5431304848396489,3,1,1,2,High
West Bengal,Jalpaiguri,13.092908096532351,77.16666666666667,0.16967051528983607,1,0,0,0,Low
West Bengal,Jhargram,6.006940430313367,14.916666666666666,0.40269991711597997,3,1,1,2,High
West Bengal,Kalimpong,2.0225995873897267,4.5,0.4494665749754948,3,1,1,2,High
West Bengal,Koch Bihar,6.62410657211883,37.666666666666664,0.17586123642793355,2,0,0,0,Low
West Bengal,Kolkata,16.347551016663758,84.16666666666667,0.1942283289108565,1,0,0,0,Low
West Bengal,MALDA,0.5773502691896258,1.3333333333333333,0.4330127018922194,3,1,1,2,High
West Bengal,Malda,7.488880646220326,54.416666666666664,0.13762108385090951,2,0,0,0,Low
West Bengal,Maldah,3.36987545853858,20.583333333333332,0.16371864575895936,2,0,0,0,Low
West Bengal,Medinipur,0.5477225575051662,1.4,0.3912303982179759,3,1,1,2,High
West Bengal,Medinipur West,,2.0,,0,1,0,1,Medium
West Bengal,Murshidabad,20.921751766276575,124.58333333333333,0.16793379344168488,1,0,0,0,Low
West Bengal,NADIA,,1.0,,0,1,0,1,Medium
West Bengal,Nadia,15.303742857698095,107.25,0.14269224109741813,1,0,0,0,Low
West Bengal,North 24 Parganas,29.062628298837044,180.5,0.1610117911292911,1,0,0,0,Low
West Bengal,North Dinajpur,2.8431203515386634,6.083333333333333,0.4673622495679995,3,1,1,2,High
West Bengal,North Twenty Four Parganas,6.6940724570776835,32.916666666666664,0.20336422654413217,2,0,0,0,Low
West Bengal,Paschim Bardhaman,8.40814900539766,28.166666666666668,0.2985141658721063,2,0,1,1,Medium
West Bengal,Paschim Medinipur,19.7660559975168,111.83333333333333,0.17674565720581342,1,0,0,0,Low
West Bengal,Purba Bardhaman,12.347248497318967,49.5,0.24943936358220134,2,0,0,0,Low
West Bengal,Purba Medinipur,21.972951692037327,116.41666666666667,0.18874403744054968,1,0,0,0,Low
West Bengal,Purulia,4.9696045815506995,13.166666666666666,0.37743832264942023,3,1,1,2,High
West Bengal,Puruliya,10.351401603237852,57.666666666666664,0.17950407404458704,2,0,0,0,Low
West Bengal,South 24 Parganas,19.610410036972247,122.75,0.1597589412380631,1,0,0,0,Low
West Bengal,South Dinajpur,2.2343733444579588,6.916666666666667,0.32304192931922293,3,1,1,2,High
West Bengal,South Twenty Four Parganas,9.039894743286395,44.416666666666664,0.20352483474565994,2,0,0,0,Low
West Bengal,Uttar Dinajpur,4.962739956796837,37.916666666666664,0.1308854494100265,2,0,0,0,Low
West Bengal,West Midnapore,10.049498706026299,30.083333333333332,0.33405535864907365,2,0,1,1,Medium
West Bengal,hooghly,,1.0,,0,1,0,1,Medium
West bengal,hooghly,0.7071067811865476,1.5,0.47140452079103173,3,1,1,2,High
Westbengal,Hooghly,0.0,1.0,0.0,0,1,0,1,Medium
andhra pradesh,rangareddi,,1.0,,0,1,0,1,Medium
